sim_id,f,beta,M,seed,classification,t_frag,contrast,lambda_W
CT_0001,1.200000,0.300000,1.000000,0,LONGITUDINAL,43.515213,102.829785,2.616750
CT_0002,1.200000,0.300000,1.000000,1,LONGITUDINAL,41.975173,107.801205,2.866231
CT_0003,1.200000,0.300000,1.000000,2,LONGITUDINAL,40.507391,109.201096,2.573379
CT_0004,1.200000,0.300000,2.000000,0,LONGITUDINAL,30.769902,102.829785,2.485912
CT_0005,1.200000,0.300000,2.000000,1,LONGITUDINAL,29.680930,107.801205,2.722920
CT_0006,1.200000,0.300000,2.000000,2,LONGITUDINAL,28.643051,109.201096,2.444710
CT_0007,1.200000,0.500000,1.000000,0,LONGITUDINAL,42.264511,90.532136,3.045848
CT_0008,1.200000,0.500000,1.000000,1,LONGITUDINAL,41.456137,101.090993,3.052519
CT_0009,1.200000,0.500000,1.000000,2,LONGITUDINAL,42.548953,105.656125,3.178431
CT_0010,1.200000,0.500000,2.000000,0,LONGITUDINAL,29.885522,90.532136,2.893555
CT_0011,1.200000,0.500000,2.000000,1,LONGITUDINAL,29.313915,101.090993,2.899893
CT_0012,1.200000,0.500000,2.000000,2,LONGITUDINAL,30.086653,105.656125,3.019510
CT_0013,1.200000,1.000000,1.000000,0,LONGITUDINAL,41.220473,89.542868,3.373168
CT_0014,1.200000,1.000000,1.000000,1,LONGITUDINAL,41.841733,103.518096,3.213665
CT_0015,1.200000,1.000000,1.000000,2,LONGITUDINAL,43.210852,91.240829,3.536280
CT_0016,1.200000,1.000000,2.000000,0,LONGITUDINAL,29.147276,89.542868,3.204509
CT_0017,1.200000,1.000000,2.000000,1,LONGITUDINAL,29.586573,103.518096,3.052982
CT_0018,1.200000,1.000000,2.000000,2,LONGITUDINAL,30.554687,91.240829,3.359466
CT_0019,1.200000,1.500000,1.000000,0,LONGITUDINAL,43.752159,103.550468,3.352670
CT_0020,1.200000,1.500000,1.000000,1,LONGITUDINAL,43.105798,96.568346,3.703208
CT_0021,1.200000,1.500000,1.000000,2,LONGITUDINAL,43.090775,86.103996,3.606231
CT_0022,1.200000,1.500000,2.000000,0,LONGITUDINAL,29.348817,103.556449,3.215236
CT_0023,1.200000,1.500000,2.000000,1,LONGITUDINAL,30.486438,112.770243,3.258515
CT_0024,1.200000,1.500000,2.000000,2,RADIAL,30.062435,74.297441,
CT_0025,1.200000,2.000000,1.000000,0,LONGITUDINAL,42.626229,101.854801,3.514154
CT_0026,1.200000,2.000000,1.000000,1,LONGITUDINAL,40.124937,93.236329,3.344332
CT_0027,1.200000,2.000000,1.000000,2,LONGITUDINAL,41.041186,110.989738,3.599619
CT_0028,1.200000,2.000000,2.000000,0,LONGITUDINAL,29.630082,87.247549,3.317186
CT_0029,1.200000,2.000000,2.000000,1,LONGITUDINAL,29.784709,92.921436,3.329894
CT_0030,1.200000,2.000000,2.000000,2,LONGITUDINAL,31.729576,96.144188,3.147951
CT_0031,1.300000,0.300000,1.000000,0,LONGITUDINAL,32.198457,116.342202,2.560733
CT_0032,1.300000,0.300000,1.000000,1,LONGITUDINAL,32.411219,106.783022,2.733250
CT_0033,1.300000,0.300000,1.000000,2,LONGITUDINAL,32.987803,112.211225,2.821785
CT_0034,1.300000,0.300000,2.000000,0,LONGITUDINAL,22.767747,116.342202,2.432696
CT_0035,1.300000,0.300000,2.000000,1,LONGITUDINAL,22.918192,106.783022,2.596588
CT_0036,1.300000,0.300000,2.000000,2,LONGITUDINAL,23.325899,112.211225,2.680696
CT_0037,1.300000,0.500000,1.000000,0,LONGITUDINAL,33.567595,103.550468,2.904319
CT_0038,1.300000,0.500000,1.000000,1,LONGITUDINAL,33.071693,96.568346,3.207980
CT_0039,1.300000,0.500000,1.000000,2,LONGITUDINAL,33.060167,86.103996,3.123972
CT_0040,1.300000,0.500000,2.000000,0,LONGITUDINAL,23.735874,103.550468,2.759103
CT_0041,1.300000,0.500000,2.000000,1,LONGITUDINAL,23.385219,96.568346,3.047581
CT_0042,1.300000,0.500000,2.000000,2,LONGITUDINAL,23.377069,86.103996,2.967774
CT_0043,1.300000,1.000000,1.000000,0,LONGITUDINAL,32.149083,87.247549,3.266887
CT_0044,1.300000,1.000000,1.000000,1,LONGITUDINAL,32.316855,92.921436,3.279403
CT_0045,1.300000,1.000000,1.000000,2,LONGITUDINAL,34.427065,96.144188,3.100218
CT_0046,1.300000,1.000000,2.000000,0,LONGITUDINAL,22.732835,87.247549,3.103543
CT_0047,1.300000,1.000000,2.000000,1,LONGITUDINAL,22.851467,92.921436,3.115433
CT_0048,1.300000,1.000000,2.000000,2,LONGITUDINAL,24.343611,96.144188,2.945207
CT_0049,1.300000,1.500000,1.000000,0,LONGITUDINAL,32.325145,102.296890,3.448338
CT_0050,1.300000,1.500000,1.000000,1,LONGITUDINAL,33.753721,101.189974,3.461677
CT_0051,1.300000,1.500000,1.000000,2,RADIAL,31.884731,53.041664,
CT_0052,1.300000,1.500000,2.000000,0,LONGITUDINAL,22.857329,102.296890,3.275921
CT_0053,1.300000,1.500000,2.000000,1,RADIAL,22.991962,78.412826,
CT_0054,1.300000,1.500000,2.000000,2,RADIAL,22.545910,53.041664,
CT_0055,1.300000,2.000000,1.000000,0,RADIAL,32.955495,61.532979,
CT_0056,1.300000,2.000000,1.000000,1,LONGITUDINAL,32.008706,99.490105,3.437847
CT_0057,1.300000,2.000000,1.000000,2,LONGITUDINAL,32.895883,95.760347,3.342753
CT_0058,1.300000,2.000000,2.000000,0,RADIAL,23.303054,61.532979,
CT_0059,1.300000,2.000000,2.000000,1,LONGITUDINAL,22.633573,99.490105,3.265955
CT_0060,1.300000,2.000000,2.000000,2,LONGITUDINAL,23.260902,95.760347,3.175615
CT_0061,1.400000,0.300000,1.000000,0,LONGITUDINAL,27.465550,75.242690,2.524871
CT_0062,1.400000,0.300000,1.000000,1,LONGITUDINAL,26.601966,97.418269,2.748843
CT_0063,1.400000,0.300000,1.000000,2,LONGITUDINAL,26.827654,112.213911,2.670782
CT_0064,1.400000,0.300000,2.000000,0,LONGITUDINAL,19.421076,75.242690,2.398627
CT_0065,1.400000,0.300000,2.000000,1,LONGITUDINAL,18.810430,97.418269,2.611400
CT_0066,1.400000,0.300000,2.000000,2,LONGITUDINAL,18.970016,112.213911,2.537243
CT_0067,1.400000,0.500000,1.000000,0,LONGITUDINAL,26.530216,112.027769,2.892667
CT_0068,1.400000,0.500000,1.000000,1,LONGITUDINAL,26.957848,89.696428,3.102602
CT_0069,1.400000,0.500000,1.000000,2,LONGITUDINAL,26.085142,111.144658,2.850802
CT_0070,1.400000,0.500000,2.000000,0,LONGITUDINAL,18.759695,112.027769,2.748034
CT_0071,1.400000,0.500000,2.000000,1,LONGITUDINAL,19.062077,89.696428,2.947472
CT_0072,1.400000,0.500000,2.000000,2,LONGITUDINAL,18.444981,111.144658,2.708262
CT_0073,1.400000,1.000000,1.000000,0,RADIAL,26.923060,66.266286,
CT_0074,1.400000,1.000000,1.000000,1,LONGITUDINAL,26.149579,99.490105,3.222165
CT_0075,1.400000,1.000000,1.000000,2,LONGITUDINAL,26.874361,95.760347,3.133036
CT_0076,1.400000,1.000000,2.000000,0,RADIAL,19.037478,66.266286,
CT_0077,1.400000,1.000000,2.000000,1,LONGITUDINAL,18.490545,99.490105,3.061056
CT_0078,1.400000,1.000000,2.000000,2,LONGITUDINAL,19.003043,95.760347,2.976384
CT_0079,1.400000,1.500000,1.000000,0,RADIAL,25.811566,72.718067,
CT_0080,1.400000,1.500000,1.000000,1,RADIAL,26.123699,43.321819,
CT_0081,1.400000,1.500000,1.000000,2,LONGITUDINAL,25.405394,106.909269,3.681107
CT_0082,1.400000,1.500000,2.000000,0,RADIAL,18.251534,72.718067,
CT_0083,1.400000,1.500000,2.000000,1,RADIAL,18.472245,43.321819,
CT_0084,1.400000,1.500000,2.000000,2,LONGITUDINAL,17.964326,106.909269,3.497051
CT_0085,1.400000,2.000000,1.000000,0,RADIAL,25.657730,53.988394,
CT_0086,1.400000,2.000000,1.000000,1,RADIAL,25.990624,70.333067,
CT_0087,1.400000,2.000000,1.000000,2,RADIAL,26.004017,65.255281,
CT_0088,1.400000,2.000000,2.000000,0,RADIAL,18.142755,53.988394,
CT_0089,1.400000,2.000000,2.000000,1,RADIAL,18.378147,70.333067,
CT_0090,1.400000,2.000000,2.000000,2,RADIAL,18.387617,65.255281,
CT_0091,1.500000,0.300000,1.000000,0,LONGITUDINAL,21.631533,93.147857,2.568360
CT_0092,1.500000,0.300000,1.000000,1,LONGITUDINAL,22.946037,97.922441,2.530505
CT_0093,1.500000,0.300000,1.000000,2,LONGITUDINAL,23.307986,81.286363,2.638696
CT_0094,1.500000,0.300000,2.000000,0,LONGITUDINAL,15.295804,93.147857,2.439942
CT_0095,1.500000,0.300000,2.000000,1,LONGITUDINAL,16.225298,97.922441,2.403980
CT_0096,1.500000,0.300000,2.000000,2,LONGITUDINAL,16.481235,81.286363,2.506761
CT_0097,1.500000,0.500000,1.000000,0,LONGITUDINAL,22.572843,104.161897,3.003731
CT_0098,1.500000,0.500000,1.000000,1,LONGITUDINAL,22.693017,77.810855,2.921146
CT_0099,1.500000,0.500000,1.000000,2,LONGITUDINAL,21.550013,82.142488,2.910309
CT_0100,1.500000,0.500000,2.000000,0,LONGITUDINAL,15.977118,94.256949,2.690007
CT_0101,1.500000,0.500000,2.000000,1,RADIAL,15.639349,46.416235,
CT_0102,1.500000,0.500000,2.000000,2,LONGITUDINAL,15.209325,106.909269,3.039452
CT_0103,1.500000,1.000000,1.000000,0,RADIAL,21.722871,57.844708,
CT_0104,1.500000,1.000000,1.000000,1,RADIAL,22.004713,75.356858,
CT_0105,1.500000,1.000000,1.000000,2,RADIAL,22.016052,69.916373,
CT_0106,1.500000,1.000000,2.000000,0,RADIAL,15.360390,57.844708,
CT_0107,1.500000,1.000000,2.000000,1,RADIAL,15.559682,75.356858,
CT_0108,1.500000,1.000000,2.000000,2,RADIAL,15.567700,69.916373,
CT_0109,1.500000,1.500000,1.000000,0,RADIAL,22.939070,77.450234,
CT_0110,1.500000,1.500000,1.000000,1,RADIAL,21.976096,61.041036,
CT_0111,1.500000,1.500000,1.000000,2,RADIAL,22.050315,57.469138,
CT_0112,1.500000,1.500000,2.000000,0,RADIAL,16.220372,77.450234,
CT_0113,1.500000,1.500000,2.000000,1,RADIAL,15.539447,61.041036,
CT_0114,1.500000,1.500000,2.000000,2,RADIAL,15.591927,57.469138,
CT_0115,1.500000,2.000000,1.000000,0,LONGITUDINAL,21.822460,125.581737,3.249050
CT_0116,1.500000,2.000000,1.000000,1,RADIAL,22.107354,70.048139,
CT_0117,1.500000,2.000000,1.000000,2,RADIAL,22.587356,88.465059,
CT_0118,1.500000,2.000000,2.000000,0,LONGITUDINAL,15.430809,125.581737,3.086598
CT_0119,1.500000,2.000000,2.000000,1,RADIAL,15.632260,70.048139,
CT_0120,1.500000,2.000000,2.000000,2,RADIAL,15.971672,88.465059,
CT_0121,1.600000,0.300000,1.000000,0,LONGITUDINAL,20.566669,82.108130,2.482580
CT_0122,1.600000,0.300000,1.000000,1,LONGITUDINAL,19.557999,84.336086,2.578749
CT_0123,1.600000,0.300000,1.000000,2,LONGITUDINAL,19.727815,111.587860,2.308973
CT_0124,1.600000,0.300000,2.000000,0,LONGITUDINAL,14.542831,82.108130,2.358451
CT_0125,1.600000,0.300000,2.000000,1,LONGITUDINAL,13.829594,84.336086,2.449812
CT_0126,1.600000,0.300000,2.000000,2,LONGITUDINAL,13.949672,111.587860,2.193524
CT_0127,1.600000,0.500000,1.000000,0,RADIAL,19.881729,82.613583,
CT_0128,1.600000,0.500000,1.000000,1,LONGITUDINAL,18.709295,95.954639,2.798311
CT_0129,1.600000,0.500000,1.000000,2,LONGITUDINAL,18.524198,90.287727,2.810998
CT_0130,1.600000,0.500000,2.000000,0,RADIAL,14.058506,82.613583,
CT_0131,1.600000,0.500000,2.000000,1,RADIAL,13.468334,65.110439,
CT_0132,1.600000,0.500000,2.000000,2,LONGITUDINAL,13.098586,90.287727,2.670448
CT_0133,1.600000,1.000000,1.000000,0,LONGITUDINAL,18.913942,125.581737,3.053967
CT_0134,1.600000,1.000000,1.000000,1,RADIAL,19.160865,74.718015,
CT_0135,1.600000,1.000000,1.000000,2,RADIAL,19.576892,94.362730,
CT_0136,1.600000,1.000000,2.000000,0,LONGITUDINAL,13.374176,125.581737,2.901269
CT_0137,1.600000,1.000000,2.000000,1,RADIAL,13.548778,74.718015,
CT_0138,1.600000,1.000000,2.000000,2,RADIAL,13.842953,94.362730,
CT_0139,1.600000,1.500000,1.000000,0,RADIAL,19.656521,59.967477,
CT_0140,1.600000,1.500000,1.000000,1,RADIAL,19.513481,75.140711,
CT_0141,1.600000,1.500000,1.000000,2,RADIAL,18.914610,59.309118,
CT_0142,1.600000,1.500000,2.000000,0,RADIAL,13.479161,89.839185,
CT_0143,1.600000,1.500000,2.000000,1,RADIAL,13.500236,78.835641,
CT_0144,1.600000,1.500000,2.000000,2,RADIAL,13.554831,90.826452,
CT_0145,1.600000,2.000000,1.000000,0,RADIAL,19.598279,72.858862,
CT_0146,1.600000,2.000000,1.000000,1,LONGITUDINAL,19.581623,105.022252,3.297457
CT_0147,1.600000,2.000000,1.000000,2,RADIAL,19.242828,72.559453,
CT_0148,1.600000,2.000000,2.000000,0,RADIAL,13.377055,81.641677,
CT_0149,1.600000,2.000000,2.000000,1,RADIAL,13.247069,94.856933,
CT_0150,1.600000,2.000000,2.000000,2,RADIAL,13.340578,81.259546,
CT_0151,1.700000,0.300000,1.000000,0,LONGITUDINAL,16.854979,125.652392,2.491035
CT_0152,1.700000,0.300000,1.000000,1,LONGITUDINAL,17.055956,95.534575,2.442141
CT_0153,1.700000,0.300000,1.000000,2,LONGITUDINAL,17.153030,89.195843,2.367764
CT_0154,1.700000,0.300000,2.000000,0,LONGITUDINAL,12.783405,118.077739,2.359345
CT_0155,1.700000,0.300000,2.000000,1,LONGITUDINAL,12.014582,101.877019,2.356108
CT_0156,1.700000,0.300000,2.000000,2,RADIAL,12.149489,65.811548,
CT_0157,1.700000,0.500000,1.000000,0,RADIAL,17.325014,63.715444,
CT_0158,1.700000,0.500000,1.000000,1,LONGITUDINAL,16.919629,97.255865,2.838198
CT_0159,1.700000,0.500000,1.000000,2,RADIAL,16.671102,63.015938,
CT_0160,1.700000,0.500000,2.000000,0,RADIAL,12.250635,63.715444,
CT_0161,1.700000,0.500000,2.000000,1,RADIAL,12.161487,79.837006,
CT_0162,1.700000,0.500000,2.000000,2,RADIAL,11.788249,63.015938,
CT_0163,1.700000,1.000000,1.000000,0,RADIAL,17.273679,77.412541,
CT_0164,1.700000,1.000000,1.000000,1,LONGITUDINAL,17.258999,105.022252,3.103109
CT_0165,1.700000,1.000000,1.000000,2,RADIAL,16.960390,77.094419,
CT_0166,1.700000,1.000000,2.000000,0,RADIAL,11.790370,86.744282,
CT_0167,1.700000,1.000000,2.000000,1,RADIAL,11.675802,100.785492,
CT_0168,1.700000,1.000000,2.000000,2,RADIAL,11.758220,86.338268,
CT_0169,1.700000,1.500000,1.000000,0,RADIAL,17.150675,71.003456,
CT_0170,1.700000,1.500000,1.000000,1,RADIAL,17.454025,68.809042,
CT_0171,1.700000,1.500000,1.000000,2,RADIAL,17.275106,85.397488,
CT_0172,1.700000,1.500000,2.000000,0,RADIAL,12.127359,71.003456,
CT_0173,1.700000,1.500000,2.000000,1,RADIAL,12.341859,68.809042,
CT_0174,1.700000,1.500000,2.000000,2,RADIAL,12.215345,85.397488,
CT_0175,1.700000,2.000000,1.000000,0,RADIAL,17.492362,102.439344,
CT_0176,1.700000,2.000000,1.000000,1,RADIAL,17.410434,87.130068,
CT_0177,1.700000,2.000000,1.000000,2,RADIAL,17.539864,81.449513,
CT_0178,1.700000,2.000000,2.000000,0,RADIAL,12.368968,102.439344,
CT_0179,1.700000,2.000000,2.000000,1,RADIAL,12.311036,87.130068,
CT_0180,1.700000,2.000000,2.000000,2,RADIAL,12.402557,81.449513,
