sim_id,campaign,f,beta,mach,gamma,theta,seed,approach,morphology_ref,runtime_s,returncode,term_reason,morphology,fragmented,lW,lW_method,hgbs_match,t_frag,grav_ratio,n_snaps,n_athdf_kept,n_athdf_purged,error
HGBS_REVERIFY_f1.1_b2.0_M3.0_s6,P1,1.1,2.0,3.0,1.0,0,6,,,123.1,1,EARLY_FRAG@t=0.285,FULL,True,2.4479,hdf5,False,0.1406,667.99,59,6,0,
HGBS_REVERIFY_f1.2_b2.0_M3.0_s6,P1,1.2,2.0,3.0,1.0,0,6,,,123.1,1,EARLY_FRAG@t=0.285,FULL,True,2.4479,hdf5,False,0.1458,562.93,58,6,0,
HGBS_f1.2_b2.0_M3.5_s6,P1,1.2,2.0,3.5,1.0,0,6,,,123.1,1,EARLY_FRAG@t=0.270,FULL,True,2.3438,hdf5,False,0.13,592.53,55,6,0,
HGBS_REVERIFY_f1.2_b2.0_M2.5_s6,P1,1.2,2.0,2.5,1.0,0,6,,,123.1,1,EARLY_FRAG@t=0.300,FULL,True,2.3958,hdf5,False,0.1653,505.69,61,7,0,
HGBS_REVERIFY_f1.0_b2.0_M3.0_s6,P1,1.0,2.0,3.0,1.0,0,6,,,123.1,1,EARLY_FRAG@t=0.295,FULL,True,2.4479,hdf5,False,0.1308,814.05,60,6,0,
HGBS_REVERIFY_f1.1_b2.0_M3.5_s6,P1,1.1,2.0,3.5,1.0,0,6,,,123.1,1,EARLY_FRAG@t=0.270,FULL,True,2.3438,hdf5,False,0.1252,642.57,55,6,0,
HGBS_REVERIFY_f1.1_b2.0_M2.5_s6,P1,1.1,2.0,2.5,1.0,0,6,,,123.1,1,EARLY_FRAG@t=0.305,FULL,True,2.3958,hdf5,False,0.161,622.07,62,7,0,
HGBS_f1.2_b2.0_M3.5_s12,P1,1.2,2.0,3.5,1.0,0,12,,,123.1,1,EARLY_FRAG@t=0.250,FULL,True,9.6615,hdf5,False,0.1308,470.41,51,6,0,
HGBS_f1.2_b2.0_M3.5_s18,P1,1.2,2.0,3.5,1.0,0,18,,,123.1,1,EARLY_FRAG@t=0.265,FULL,True,2.4219,hdf5,False,0.1303,544.06,54,6,0,
HGBS_f1.2_b2.0_M3.5_s24,P1,1.2,2.0,3.5,1.0,0,24,,,123.1,1,EARLY_FRAG@t=0.260,FULL,True,8.8542,hdf5,False,0.1301,603.7,53,6,0,
HGBS_f1.2_b2.0_M3.5_s30,P1,1.2,2.0,3.5,1.0,0,30,,,123.1,1,EARLY_FRAG@t=0.275,FULL,True,1.7188,hdf5,False,0.1302,573.45,56,6,0,
HGBS_f1.2_b2.0_M3.0_s6,P1,1.2,2.0,3.0,1.0,0,6,,,123.1,1,EARLY_FRAG@t=0.280,FULL,True,2.4479,hdf5,False,0.1458,562.93,58,6,0,
HGBS_f1.2_b2.0_M3.5_s0,P1,1.2,2.0,3.5,1.0,0,0,,,123.1,1,EARLY_FRAG@t=0.260,FULL,True,7.2917,hdf5,False,0.1302,575.89,53,6,0,
HGBS_f1.2_b2.0_M3.0_s12,P1,1.2,2.0,3.0,1.0,0,12,,,123.1,1,EARLY_FRAG@t=0.265,FULL,True,0.8594,hdf5,False,0.1457,504.49,55,6,0,
HGBS_f1.2_b2.0_M3.0_s18,P1,1.2,2.0,3.0,1.0,0,18,,,123.1,1,EARLY_FRAG@t=0.275,FULL,True,2.6823,hdf5,True,0.1451,469.92,56,6,0,
HGBS_f1.2_b2.0_M3.0_s24,P1,1.2,2.0,3.0,1.0,0,24,,,123.1,1,EARLY_FRAG@t=0.270,FULL,True,13.0729,hdf5,False,0.1458,454.94,55,6,0,
HGBS_f1.2_b2.0_M3.0_s30,P1,1.2,2.0,3.0,1.0,0,30,,,123.1,1,EARLY_FRAG@t=0.295,FULL,True,1.8229,hdf5,False,0.1459,595.54,60,6,0,
HGBS_f1.2_b2.0_M3.0_s0,P1,1.2,2.0,3.0,1.0,0,0,,,123.1,1,EARLY_FRAG@t=0.275,FULL,True,1.0938,hdf5,False,0.1451,504.21,56,6,0,
HGBS_f1.2_b2.0_M2.5_s6,P1,1.2,2.0,2.5,1.0,0,6,,,123.1,1,EARLY_FRAG@t=0.300,FULL,True,2.3958,hdf5,False,0.1653,505.69,61,7,0,
HGBS_f1.2_b2.0_M2.5_s12,P1,1.2,2.0,2.5,1.0,0,12,,,123.1,1,EARLY_FRAG@t=0.285,FULL,True,1.276,hdf5,False,0.1653,450.63,58,6,0,
HGBS_f1.2_b2.0_M2.5_s18,P1,1.2,2.0,2.5,1.0,0,18,,,123.1,1,EARLY_FRAG@t=0.295,FULL,True,2.9427,hdf5,True,0.1657,469.72,60,6,0,
HGBS_f1.2_b2.0_M2.5_s24,P1,1.2,2.0,2.5,1.0,0,24,,,123.1,1,EARLY_FRAG@t=0.300,FULL,True,8.8021,hdf5,False,0.1652,697.5,61,7,0,
HGBS_f1.2_b2.0_M2.5_s0,P1,1.2,2.0,2.5,1.0,0,0,,,123.1,1,EARLY_FRAG@t=0.295,FULL,True,1.4062,hdf5,False,0.1657,482.07,60,6,0,
HGBS_f1.2_b2.0_M2.5_s30,P1,1.2,2.0,2.5,1.0,0,30,,,123.1,1,EARLY_FRAG@t=0.305,FULL,True,1.6667,hdf5,False,0.1655,479.76,62,7,0,
HGBS_f1.1_b2.0_M3.5_s6,P1,1.1,2.0,3.5,1.0,0,6,,,123.1,1,EARLY_FRAG@t=0.270,FULL,True,2.3438,hdf5,False,0.1252,705.47,56,6,0,
HGBS_f1.1_b2.0_M3.5_s18,P1,1.1,2.0,3.5,1.0,0,18,,,123.1,1,EARLY_FRAG@t=0.265,FULL,True,2.4219,hdf5,False,0.1209,589.48,54,6,0,
HGBS_f1.1_b2.0_M3.5_s12,P1,1.1,2.0,3.5,1.0,0,12,,,123.1,1,EARLY_FRAG@t=0.255,FULL,True,9.6354,hdf5,False,0.1208,558.22,52,6,0,
HGBS_f1.1_b2.0_M3.5_s24,P1,1.1,2.0,3.5,1.0,0,24,,,123.1,1,EARLY_FRAG@t=0.265,FULL,True,12.8125,hdf5,False,0.1208,712.33,54,6,0,
HGBS_f1.1_b2.0_M3.5_s30,P1,1.1,2.0,3.5,1.0,0,30,,,123.1,1,EARLY_FRAG@t=0.280,FULL,True,1.6667,hdf5,False,0.1252,690.84,57,6,0,
HGBS_f1.1_b2.0_M3.5_s0,P1,1.1,2.0,3.5,1.0,0,0,,,123.1,1,EARLY_FRAG@t=0.260,FULL,True,7.2917,hdf5,False,0.1258,611.04,53,6,0,
HGBS_f1.1_b2.0_M3.0_s6,P1,1.1,2.0,3.0,1.0,0,6,,,123.1,1,EARLY_FRAG@t=0.290,FULL,True,2.4479,hdf5,False,0.1406,667.99,59,6,0,
HGBS_f1.1_b2.0_M3.0_s12,P1,1.1,2.0,3.0,1.0,0,12,,,123.1,1,EARLY_FRAG@t=0.270,FULL,True,0.8594,hdf5,False,0.14,579.57,56,6,0,
HGBS_f1.1_b2.0_M3.0_s18,P1,1.1,2.0,3.0,1.0,0,18,,,123.1,1,EARLY_FRAG@t=0.280,FULL,True,2.6823,hdf5,True,0.1403,551.92,57,6,0,
HGBS_f1.1_b2.0_M3.0_s24,P1,1.1,2.0,3.0,1.0,0,24,,,123.1,1,EARLY_FRAG@t=0.275,FULL,True,13.0729,hdf5,False,0.1405,621.6,56,6,0,
HGBS_f1.1_b2.0_M3.0_s30,P1,1.1,2.0,3.0,1.0,0,30,,,123.1,1,EARLY_FRAG@t=0.300,FULL,True,1.5625,hdf5,False,0.1407,713.03,61,7,0,
HGBS_f1.1_b2.0_M3.0_s0,P1,1.1,2.0,3.0,1.0,0,0,,,123.1,1,EARLY_FRAG@t=0.280,FULL,True,1.0938,hdf5,False,0.1404,671.52,57,6,0,
HGBS_f1.1_b2.0_M2.5_s6,P1,1.1,2.0,2.5,1.0,0,6,,,123.1,1,EARLY_FRAG@t=0.305,FULL,True,2.3958,hdf5,False,0.161,622.07,62,7,0,
HGBS_f1.1_b2.0_M2.5_s12,P1,1.1,2.0,2.5,1.0,0,12,,,123.1,1,EARLY_FRAG@t=0.290,FULL,True,1.276,hdf5,False,0.1561,530.1,59,6,0,
HGBS_f1.1_b2.0_M2.5_s18,P1,1.1,2.0,2.5,1.0,0,18,,,123.1,1,EARLY_FRAG@t=0.300,FULL,True,2.4219,hdf5,False,0.1606,546.25,61,7,0,
HGBS_f1.1_b2.0_M2.5_s24,P1,1.1,2.0,2.5,1.0,0,24,,,123.1,1,EARLY_FRAG@t=0.300,FULL,True,8.8021,hdf5,False,0.156,721.45,61,7,0,
HGBS_f1.1_b2.0_M2.5_s30,P1,1.1,2.0,2.5,1.0,0,30,,,123.1,1,EARLY_FRAG@t=0.315,FULL,True,1.6667,hdf5,False,0.1611,627.31,64,7,0,
HGBS_f1.1_b2.0_M2.5_s0,P1,1.1,2.0,2.5,1.0,0,0,,,123.1,1,EARLY_FRAG@t=0.295,FULL,True,7.2656,hdf5,False,0.1607,568.03,61,7,0,
HGBS_f1.0_b2.0_M3.5_s6,P1,1.0,2.0,3.5,1.0,0,6,,,123.1,1,EARLY_FRAG@t=0.275,FULL,True,2.3438,hdf5,False,0.116,853.58,57,6,0,
HGBS_f1.0_b2.0_M3.5_s12,P1,1.0,2.0,3.5,1.0,0,12,,,123.1,1,EARLY_FRAG@t=0.260,FULL,True,9.6354,hdf5,False,0.1152,659.12,53,6,0,
HGBS_f1.0_b2.0_M3.5_s18,P1,1.0,2.0,3.5,1.0,0,18,,,123.1,1,EARLY_FRAG@t=0.270,FULL,True,2.4479,hdf5,False,0.1151,711.8,55,6,0,
HGBS_f1.0_b2.0_M3.5_s30,P1,1.0,2.0,3.5,1.0,0,30,,,123.1,1,EARLY_FRAG@t=0.290,FULL,True,1.6667,hdf5,False,0.1159,922.68,59,6,0,
HGBS_f1.0_b2.0_M3.5_s0,P1,1.0,2.0,3.5,1.0,0,0,,,123.1,1,EARLY_FRAG@t=0.260,FULL,True,7.2917,hdf5,False,0.1155,657.93,53,6,0,
HGBS_f1.0_b2.0_M3.5_s24,P1,1.0,2.0,3.5,1.0,0,24,,,123.1,1,EARLY_FRAG@t=0.265,FULL,True,12.8125,hdf5,False,0.1156,757.44,54,6,0,
HGBS_f1.0_b2.0_M3.0_s6,P1,1.0,2.0,3.0,1.0,0,6,,,123.1,1,EARLY_FRAG@t=0.290,FULL,True,2.5521,hdf5,True,0.1308,731.26,121,16,0,
HGBS_f1.0_b2.0_M3.0_s12,P1,1.0,2.0,3.0,1.0,0,12,,,123.1,1,EARLY_FRAG@t=0.275,FULL,True,9.6615,hdf5,False,0.131,649.21,115,15,0,
HGBS_f1.0_b2.0_M3.0_s18,P1,1.0,2.0,3.0,1.0,0,18,,,123.1,1,EARLY_FRAG@t=0.285,FULL,True,2.7083,hdf5,True,0.1309,672.99,58,6,0,
HGBS_f1.0_b2.0_M3.0_s24,P1,1.0,2.0,3.0,1.0,0,24,,,123.1,1,EARLY_FRAG@t=0.280,FULL,True,13.0729,hdf5,False,0.1303,734.09,57,6,0,
HGBS_f1.0_b2.0_M3.0_s30,P1,1.0,2.0,3.0,1.0,0,30,,,123.1,1,EARLY_FRAG@t=0.300,FULL,True,1.5625,hdf5,False,0.1307,787.91,61,7,0,
HGBS_f1.0_b2.0_M3.0_s0,P1,1.0,2.0,3.0,1.0,0,0,,,123.1,1,EARLY_FRAG@t=0.280,FULL,True,1.1458,hdf5,False,0.1303,707.55,57,6,0,
HGBS_f1.0_b2.0_M2.5_s6,P1,1.0,2.0,2.5,1.0,0,6,,,123.1,1,EARLY_FRAG@t=0.310,FULL,True,1.5365,hdf5,False,0.1505,737.58,130,17,0,
HGBS_f1.0_b2.0_M2.5_s12,P1,1.0,2.0,2.5,1.0,0,12,,,123.1,1,EARLY_FRAG@t=0.295,FULL,True,9.6354,hdf5,False,0.1508,641.04,123,16,0,
HGBS_f1.0_b2.0_M2.5_s18,P1,1.0,2.0,2.5,1.0,0,18,,,123.1,1,EARLY_FRAG@t=0.320,FULL,True,3.8021,hdf5,False,0.1507,908.52,131,17,0,
HGBS_f1.0_b2.0_M2.5_s24,P1,1.0,2.0,2.5,1.0,0,24,,,123.1,1,EARLY_FRAG@t=0.310,FULL,True,8.8021,hdf5,False,0.15,952.14,127,16,0,
HGBS_f1.0_b2.0_M2.5_s30,P1,1.0,2.0,2.5,1.0,0,30,,,123.1,1,EARLY_FRAG@t=0.345,FULL,True,1.5104,hdf5,False,0.1505,1213.94,142,18,0,
HGBS_f1.0_b2.0_M2.5_s0,P1,1.0,2.0,2.5,1.0,0,0,,,123.1,1,EARLY_FRAG@t=0.305,FULL,True,7.2656,hdf5,False,0.15,804.72,62,7,0,
EOS_g0.7_b2.0_t0_s0,P2,1.1,2.0,1.0,0.7,0,0,,,123.1,1,EARLY_FRAG@t=0.400,FULL,True,,,False,0.2565,475.8,81,0,1,
EOS_g0.8_b2.0_t0_s0,P2,1.1,2.0,1.0,0.8,0,0,,,123.1,1,EARLY_FRAG@t=0.385,FULL,True,,,False,0.2613,406.15,79,0,1,
EOS_g0.8_b2.0_t0_s1,P2,1.1,2.0,1.0,0.8,0,1,,,123.1,1,EARLY_FRAG@t=0.410,FULL,True,,,False,0.26,513.55,83,0,1,
EOS_g0.7_b2.0_t0_s2,P2,1.1,2.0,1.0,0.7,0,2,,,123.1,1,EARLY_FRAG@t=0.400,FULL,True,,,False,0.2565,600.3,81,0,1,
EOS_g0.7_b2.0_t0_s1,P2,1.1,2.0,1.0,0.7,0,1,,,123.1,1,EARLY_FRAG@t=0.425,FULL,True,,,False,0.2552,751.37,87,0,1,
EOS_g0.8_b2.0_t0_s2,P2,1.1,2.0,1.0,0.8,0,2,,,123.1,1,EARLY_FRAG@t=0.385,FULL,True,,,False,0.2612,427.31,78,0,1,
EOS_g0.9_b2.0_t0_s0,P2,1.1,2.0,1.0,0.9,0,0,,,123.1,1,EARLY_FRAG@t=0.375,FULL,True,,,False,0.2657,309.32,76,0,1,
EOS_g0.9_b2.0_t0_s1,P2,1.1,2.0,1.0,0.9,0,1,,,123.1,1,EARLY_FRAG@t=0.400,FULL,True,,,False,0.2658,436.61,81,0,1,
EOS_g0.9_b2.0_t0_s2,P2,1.1,2.0,1.0,0.9,0,2,,,123.1,1,EARLY_FRAG@t=0.375,FULL,True,,,False,0.2654,357.74,76,0,1,
EOS_g0.95_b2.0_t0_s2,P2,1.1,2.0,1.0,0.95,0,2,,,123.1,1,EARLY_FRAG@t=0.370,FULL,True,,,False,0.266,332.77,75,0,1,
EOS_g0.95_b2.0_t0_s1,P2,1.1,2.0,1.0,0.95,0,1,,,123.1,1,EARLY_FRAG@t=0.395,FULL,True,,,False,0.2652,450.67,80,0,1,
EOS_g1.0_b2.0_t0_s1,P2,1.1,2.0,1.0,1.0,0,1,,,123.1,1,EARLY_FRAG@t=0.385,FULL,True,,,False,0.266,321.07,78,0,1,
EOS_g0.95_b2.0_t0_s0,P2,1.1,2.0,1.0,0.95,0,0,,,183.2,1,EARLY_FRAG@t=0.385,FULL,True,,,False,0.2651,383.09,78,0,1,
EOS_g1.0_b2.0_t0_s0,P2,1.1,2.0,1.0,1.0,0,0,,,183.2,1,EARLY_FRAG@t=0.385,FULL,True,,,False,0.266,422.23,78,0,1,
EOS_g0.9_b2.0_t90_s0,P2,1.1,2.0,1.0,0.9,90,0,,,123.1,1,EARLY_FRAG@t=0.380,PARTIAL,True,,,False,0.2659,362.48,77,0,1,
EOS_g1.0_b2.0_t0_s2,P2,1.1,2.0,1.0,1.0,0,2,,,123.1,1,EARLY_FRAG@t=0.365,FULL,True,,,False,0.2654,318.54,74,0,1,
EOS_g0.9_b2.0_t90_s1,P2,1.1,2.0,1.0,0.9,90,1,,,123.1,1,EARLY_FRAG@t=0.385,PARTIAL,True,,,False,0.2653,346.51,78,0,1,
EOS_g0.95_b2.0_t90_s0,P2,1.1,2.0,1.0,0.95,90,0,,,123.1,1,EARLY_FRAG@t=0.375,PARTIAL,True,,,False,0.2651,333.75,76,0,1,
EOS_g0.95_b2.0_t90_s1,P2,1.1,2.0,1.0,0.95,90,1,,,183.2,1,EARLY_FRAG@t=0.380,PARTIAL,True,,,False,0.2657,318.94,77,0,1,
EOS_g0.9_b1.0_t0_s1,P2,1.1,1.0,1.0,0.9,0,1,,,123.1,1,EARLY_FRAG@t=0.405,FULL,True,,,False,0.2656,441.43,82,0,1,
EOS_g0.9_b1.0_t0_s0,P2,1.1,1.0,1.0,0.9,0,0,,,123.1,1,EARLY_FRAG@t=0.390,FULL,True,,,False,0.2656,390.9,79,0,1,
EOS_g0.9_b2.0_t90_s2,P2,1.1,2.0,1.0,0.9,90,2,,,303.3,1,EARLY_FRAG@t=0.365,PARTIAL,True,,,False,0.2653,375.4,74,0,1,
EOS_g0.9_b1.0_t0_s2,P2,1.1,1.0,1.0,0.9,0,2,,,243.2,1,EARLY_FRAG@t=0.375,FULL,True,,,False,0.2654,329.55,76,0,1,
EOS_g0.7_b1.0_t0_s0,P2,1.1,1.0,1.0,0.7,0,0,,,123.1,1,EARLY_FRAG@t=0.410,FULL,True,,,False,0.2552,547.59,83,0,1,
EOS_g0.7_b1.0_t0_s1,P2,1.1,1.0,1.0,0.7,0,1,,,123.1,1,EARLY_FRAG@t=0.430,FULL,True,,,False,0.2555,685.19,87,0,1,
EOS_g0.9_b1.0_t90_s1,P2,1.1,1.0,1.0,0.9,90,1,,,183.2,1,EARLY_FRAG@t=0.385,PARTIAL,True,,,False,0.2662,325.93,78,0,1,
EOS_g0.9_b1.0_t90_s0,P2,1.1,1.0,1.0,0.9,90,0,,,363.4,1,EARLY_FRAG@t=0.375,PARTIAL,True,,,False,0.2656,306.56,76,0,1,
EOS_g0.7_b1.0_t90_s0,P2,1.1,1.0,1.0,0.7,90,0,,,123.1,1,EARLY_FRAG@t=0.395,PARTIAL,True,,,False,0.2555,424.53,80,0,1,
EOS_g0.7_b1.0_t90_s1,P2,1.1,1.0,1.0,0.7,90,1,,,123.1,1,EARLY_FRAG@t=0.420,RADIAL_COLLAPSE,False,,,False,,600.27,85,0,1,
EOS_g0.95_b2.0_t90_s2,P2,1.1,2.0,1.0,0.95,90,2,,,483.5,1,EARLY_FRAG@t=0.360,PARTIAL,True,,,False,0.2659,356.51,73,0,1,
EOS_g0.8_b1.0_t0_s1,P2,1.1,1.0,1.0,0.8,0,1,,,123.1,1,EARLY_FRAG@t=0.420,FULL,True,,,False,0.2608,568.07,85,0,1,
EOS_g0.8_b1.0_t0_s0,P2,1.1,1.0,1.0,0.8,0,0,,,123.1,1,EARLY_FRAG@t=0.400,FULL,True,,,False,0.2606,462.98,81,0,1,
EOS_g0.8_b1.0_t90_s0,P2,1.1,1.0,1.0,0.8,90,0,,,123.1,1,EARLY_FRAG@t=0.380,PARTIAL,True,,,False,0.2614,325.71,77,0,1,
EOS_g0.8_b1.0_t90_s1,P2,1.1,1.0,1.0,0.8,90,1,,,123.1,1,EARLY_FRAG@t=0.395,PARTIAL,True,,,False,0.2609,386.61,80,0,1,
EOS_g0.9_b1.0_t90_s2,P2,1.1,1.0,1.0,0.9,90,2,,,483.5,1,EARLY_FRAG@t=0.375,PARTIAL,True,,,False,0.2655,479.76,76,0,1,
DTC_f0.6_b0.5_M1_s1,P3,0.6,0.5,1.0,1.0,90,1,,,123.1,1,EARLY_FRAG@t=0.430,RADIAL_COLLAPSE,False,,,False,,1100.36,87,0,1,
DTC_f0.8_b0.5_M1_s1,P3,0.8,0.5,1.0,1.0,90,1,,,123.1,1,EARLY_FRAG@t=0.410,RADIAL_COLLAPSE,False,,,False,,574.43,83,0,1,
DTC_f0.4_b0.5_M1_s0,P3,0.4,0.5,1.0,1.0,90,0,,,123.1,1,EARLY_FRAG@t=0.445,RADIAL_COLLAPSE,False,,,False,,2552.93,90,0,1,
DTC_f0.6_b0.5_M1_s0,P3,0.6,0.5,1.0,1.0,90,0,,,123.1,1,EARLY_FRAG@t=0.425,RADIAL_COLLAPSE,False,,,False,,1168.87,87,0,1,
DTC_f1.0_b0.5_M1_s0,P3,1.0,0.5,1.0,1.0,90,0,,,123.1,1,EARLY_FRAG@t=0.380,PARTIAL,True,,,False,0.2609,305.64,77,0,1,
DTC_f0.4_b0.5_M1_s1,P3,0.4,0.5,1.0,1.0,90,1,,,123.1,1,EARLY_FRAG@t=0.440,RADIAL_COLLAPSE,False,,,False,,2355.73,89,0,1,
DTC_f0.8_b0.5_M1_s0,P3,0.8,0.5,1.0,1.0,90,0,,,123.1,1,EARLY_FRAG@t=0.400,RADIAL_COLLAPSE,False,,,False,,559.83,82,0,1,
DTC_f1.0_b0.5_M1_s1,P3,1.0,0.5,1.0,1.0,90,1,,,123.1,1,EARLY_FRAG@t=0.385,PARTIAL,True,,,False,0.2601,315.4,78,0,1,
DTC_f0.4_b0.3_M2_s0,P3,0.4,0.3,2.0,1.0,90,0,,,123.1,1,EARLY_FRAG@t=0.340,RADIAL_COLLAPSE,False,,,False,,2444.66,69,0,1,
DTC_f0.4_b0.3_M2_s1,P3,0.4,0.3,2.0,1.0,90,1,,,123.1,1,EARLY_FRAG@t=0.330,RADIAL_COLLAPSE,False,,,False,,2163.08,67,0,1,
DTC_f0.6_b0.3_M2_s0,P3,0.6,0.3,2.0,1.0,90,0,,,123.1,1,EARLY_FRAG@t=0.325,RADIAL_COLLAPSE,False,,,False,,1072.43,67,0,1,
DTC_f0.6_b0.3_M2_s1,P3,0.6,0.3,2.0,1.0,90,1,,,123.1,1,EARLY_FRAG@t=0.330,RADIAL_COLLAPSE,False,,,False,,1076.62,67,0,1,
DTC_f1.2_b0.5_M1_s1,P3,1.2,0.5,1.0,1.0,90,1,,,663.7,1,EARLY_FRAG@t=0.385,PARTIAL,True,,,False,0.2756,300.6,78,0,1,
DTC_f0.8_b0.3_M2_s0,P3,0.8,0.3,2.0,1.0,90,0,,,123.1,1,EARLY_FRAG@t=0.330,RADIAL_COLLAPSE,False,,,False,,689.71,67,0,1,
DTC_f1.2_b0.5_M1_s0,P3,1.2,0.5,1.0,1.0,90,0,,,783.8,1,EARLY_FRAG@t=0.380,PARTIAL,True,,,False,0.2755,310.15,77,0,1,
DTC_f0.8_b0.3_M2_s1,P3,0.8,0.3,2.0,1.0,90,1,,,123.1,1,EARLY_FRAG@t=0.330,RADIAL_COLLAPSE,False,,,False,,730.95,68,0,1,
DTC_f1.4_b0.5_M1_s0,P3,1.4,0.5,1.0,1.0,90,0,,,843.8,1,EARLY_FRAG@t=0.380,PARTIAL,True,,,False,0.2854,313.38,77,0,1,
DTC_f1.0_b0.3_M2_s0,P3,1.0,0.3,2.0,1.0,90,0,,,123.1,1,EARLY_FRAG@t=0.325,PARTIAL,True,,,False,0.1756,485.81,66,0,1,
DTC_f1.0_b0.3_M2_s1,P3,1.0,0.3,2.0,1.0,90,1,,,123.1,1,EARLY_FRAG@t=0.325,PARTIAL,True,,,False,0.176,463.15,66,0,1,
DTC_f1.2_b0.3_M2_s0,P3,1.2,0.3,2.0,1.0,90,0,,,123.1,1,EARLY_FRAG@t=0.310,PARTIAL,True,,,False,0.1955,338.46,64,0,1,
DTC_f1.2_b0.3_M2_s1,P3,1.2,0.3,2.0,1.0,90,1,,,123.1,1,EARLY_FRAG@t=0.320,PARTIAL,True,,,False,0.1956,347.62,65,0,1,
DTC_f1.4_b0.3_M2_s0,P3,1.4,0.3,2.0,1.0,90,0,,,183.2,1,EARLY_FRAG@t=0.315,PARTIAL,True,,,False,0.2058,315.96,64,0,1,
DTC_f1.4_b0.3_M2_s1,P3,1.4,0.3,2.0,1.0,90,1,,,183.2,1,EARLY_FRAG@t=0.325,PARTIAL,True,,,False,0.2057,342.99,66,0,1,
DTC_CTRL_f0.4_b0.3_M1_s0,P3,0.4,0.3,1.0,1.0,90,0,,,123.1,1,EARLY_FRAG@t=0.425,RADIAL_COLLAPSE,False,,,False,,1994.96,87,0,1,
DTC_CTRL_f0.4_b0.3_M1_s1,P3,0.4,0.3,1.0,1.0,90,1,,,123.1,1,EARLY_FRAG@t=0.425,RADIAL_COLLAPSE,False,,,False,,1876.32,86,0,1,
DTC_f1.4_b0.5_M1_s1,P3,1.4,0.5,1.0,1.0,90,1,,,1264.3,1,EARLY_FRAG@t=0.385,PARTIAL,True,,,False,0.2853,307.3,78,0,1,
DTC_CTRL_f0.4_b0.3_M1_s2,P3,0.4,0.3,1.0,1.0,90,2,,,123.1,1,EARLY_FRAG@t=0.430,RADIAL_COLLAPSE,False,,,False,,2121.88,88,0,1,
DTC_CTRL_f0.4_b0.3_M1_s3,P3,0.4,0.3,1.0,1.0,90,3,,,123.1,1,EARLY_FRAG@t=0.440,RADIAL_COLLAPSE,False,,,False,,2278.58,89,0,1,
DTC_CTRL_f0.4_b0.3_M1_s4,P3,0.4,0.3,1.0,1.0,90,4,,,123.1,1,EARLY_FRAG@t=0.445,RADIAL_COLLAPSE,False,,,False,,2428.28,90,0,1,
DTC_CTRL_f0.4_b0.3_M1_s5,P3,0.4,0.3,1.0,1.0,90,5,,,123.1,1,EARLY_FRAG@t=0.435,RADIAL_COLLAPSE,False,,,False,,2131.4,88,0,1,
DTC_CTRL_f0.4_b0.5_M2_s0,P3,0.4,0.5,2.0,1.0,90,0,,,123.1,1,EARLY_FRAG@t=0.350,RADIAL_COLLAPSE,False,,,False,,2865.26,71,0,1,
DTC_CTRL_f0.4_b0.5_M2_s1,P3,0.4,0.5,2.0,1.0,90,1,,,123.1,1,EARLY_FRAG@t=0.350,RADIAL_COLLAPSE,False,,,False,,2869.49,71,0,1,
DTC_CTRL_f0.4_b0.5_M2_s2,P3,0.4,0.5,2.0,1.0,90,2,,,123.1,1,EARLY_FRAG@t=0.350,RADIAL_COLLAPSE,False,,,False,,2946.25,72,0,1,
DTC_CTRL_f0.4_b0.5_M2_s3,P3,0.4,0.5,2.0,1.0,90,3,,,123.1,1,EARLY_FRAG@t=0.360,RADIAL_COLLAPSE,False,,,False,,3433.83,74,0,1,
DTC_CTRL_f0.4_b0.5_M2_s4,P3,0.4,0.5,2.0,1.0,90,4,,,123.1,1,EARLY_FRAG@t=0.365,RADIAL_COLLAPSE,False,,,False,,3701.92,75,0,1,
DTC_CTRL_f0.4_b0.5_M2_s5,P3,0.4,0.5,2.0,1.0,90,5,,,123.1,1,EARLY_FRAG@t=0.365,RADIAL_COLLAPSE,False,,,False,,3359.85,74,0,1,
DTC_f1.6_b0.3_M2_s0,P3,1.6,0.3,2.0,1.0,90,0,,,903.9,1,EARLY_FRAG@t=0.320,PARTIAL,True,,,False,0.2208,318.8,65,0,1,
DTC_f1.6_b0.3_M2_s1,P3,1.6,0.3,2.0,1.0,90,1,,,1204.0,1,EARLY_FRAG@t=0.325,PARTIAL,True,,,False,0.2204,396.07,66,0,1,
DTC_f1.6_b0.5_M1_s0,P3,1.6,0.5,1.0,1.0,90,0,,,2225.0,1,EARLY_FRAG@t=0.375,PARTIAL,True,,,False,0.2855,317.98,76,0,1,
DTC_f1.6_b0.5_M1_s1,P3,1.6,0.5,1.0,1.0,90,1,,,2465.4,1,EARLY_FRAG@t=0.385,PARTIAL,True,,,False,0.2856,317.07,78,0,1,
WIDTH_T_STABLE,P4,0.4,2.0,1.0,1.0,90,0,higher_temperature,STABLE,123.1,1,EARLY_FRAG@t=0.400,RADIAL_COLLAPSE,False,0.9375,hdf5,False,,1241.55,82,9,0,
WIDTH_T_NC,P4,1.1,2.0,3.0,1.0,0,6,higher_temperature,NC,123.1,1,EARLY_FRAG@t=0.250,FULL,True,1.5625,hdf5,False,0.1504,334.99,51,6,0,
WIDTH_rho_STABLE,P4,0.4,2.0,1.0,1.0,90,0,lower_density,STABLE,123.1,1,EARLY_FRAG@t=0.445,RADIAL_COLLAPSE,False,1.0677,hdf5,False,,2999.39,90,9,0,
WIDTH_T_CG,P4,1.1,2.0,2.5,1.0,0,6,higher_temperature,CG,123.1,1,EARLY_FRAG@t=0.265,FULL,True,2.4479,hdf5,False,0.1704,302.17,54,6,0,
WIDTH_rho_CG,P4,1.1,2.0,2.5,1.0,0,6,lower_density,CG,123.1,1,EARLY_FRAG@t=0.305,FULL,True,2.3958,hdf5,False,0.161,622.07,62,7,0,
WIDTH_rho_NC,P4,1.1,2.0,3.0,1.0,0,6,lower_density,NC,123.1,1,EARLY_FRAG@t=0.290,FULL,True,2.4479,hdf5,False,0.1406,667.99,59,6,0,
WIDTH_rho_STOCHASTIC,P4,1.4,2.0,2.0,1.0,90,3,lower_density,STOCHASTIC,243.2,1,EARLY_FRAG@t=0.300,PARTIAL,True,2.1354,hdf5,False,0.206,456.28,61,7,0,
WIDTH_T_STOCHASTIC,P4,1.4,2.0,2.0,1.0,90,3,higher_temperature,STOCHASTIC,303.3,1,EARLY_FRAG@t=0.290,PARTIAL,True,2.0833,hdf5,False,0.2101,325.56,59,6,0,
