sim_id,campaign,f,beta,mach,theta,seed,gamma,morphology,fragmented,t_frag,grav_ratio,lW,lW_v2,lW_refined,lW_flag,n_peaks,lambda_phys,lambda_std,W_fwhm,contrast,snap_used,hgbs_match,hgbs_match_v2,hgbs_match_refined,frag_flag,wall_s
HGBS_REVERIFY_f1.1_b2.0_M3.0_s6,P1,1.1,2.0,3.0,0,6,1.0,FULL,True,0.1406,667.99,2.4479,,,,,,,,,,False,,,,
HGBS_REVERIFY_f1.2_b2.0_M3.0_s6,P1,1.2,2.0,3.0,0,6,1.0,FULL,True,0.1458,562.93,2.4479,,,,,,,,,,False,,,,
HGBS_f1.2_b2.0_M3.5_s6,P1,1.2,2.0,3.5,0,6,1.0,FULL,True,0.13,592.53,2.3438,,,,,,,,,,False,,,,
HGBS_REVERIFY_f1.2_b2.0_M2.5_s6,P1,1.2,2.0,2.5,0,6,1.0,FULL,True,0.1653,505.69,2.3958,,,,,,,,,,False,,,,
HGBS_REVERIFY_f1.0_b2.0_M3.0_s6,P1,1.0,2.0,3.0,0,6,1.0,FULL,True,0.1308,814.05,2.4479,,,,,,,,,,False,,,,
HGBS_REVERIFY_f1.1_b2.0_M3.5_s6,P1,1.1,2.0,3.5,0,6,1.0,FULL,True,0.1252,642.57,2.3438,,,,,,,,,,False,,,,
HGBS_REVERIFY_f1.1_b2.0_M2.5_s6,P1,1.1,2.0,2.5,0,6,1.0,FULL,True,0.161,622.07,2.3958,,,,,,,,,,False,,,,
HGBS_f1.2_b2.0_M3.5_s12,P1,1.2,2.0,3.5,0,12,1.0,FULL,True,0.1308,470.41,9.6615,,,,,,,,,,False,,,,
HGBS_f1.2_b2.0_M3.5_s18,P1,1.2,2.0,3.5,0,18,1.0,FULL,True,0.1303,544.06,2.4219,,,,,,,,,,False,,,,
HGBS_f1.2_b2.0_M3.5_s24,P1,1.2,2.0,3.5,0,24,1.0,FULL,True,0.1301,603.7,8.8542,,,,,,,,,,False,,,,
HGBS_f1.2_b2.0_M3.5_s30,P1,1.2,2.0,3.5,0,30,1.0,FULL,True,0.1302,573.45,1.7188,,,,,,,,,,False,,,,
HGBS_f1.2_b2.0_M3.0_s6,P1,1.2,2.0,3.0,0,6,1.0,FULL,True,0.1458,562.93,2.4479,,,,,,,,,,False,,,,
HGBS_f1.2_b2.0_M3.5_s0,P1,1.2,2.0,3.5,0,0,1.0,FULL,True,0.1302,575.89,7.2917,,,,,,,,,,False,,,,
HGBS_f1.2_b2.0_M3.0_s12,P1,1.2,2.0,3.0,0,12,1.0,FULL,True,0.1457,504.49,0.8594,,,,,,,,,,False,,,,
HGBS_f1.2_b2.0_M3.0_s18,P1,1.2,2.0,3.0,0,18,1.0,FULL,True,0.1451,469.92,2.6823,,,,,,,,,,True,,,,
HGBS_f1.2_b2.0_M3.0_s24,P1,1.2,2.0,3.0,0,24,1.0,FULL,True,0.1458,454.94,13.0729,,,,,,,,,,False,,,,
HGBS_f1.2_b2.0_M3.0_s30,P1,1.2,2.0,3.0,0,30,1.0,FULL,True,0.1459,595.54,1.8229,,,,,,,,,,False,,,,
HGBS_f1.2_b2.0_M3.0_s0,P1,1.2,2.0,3.0,0,0,1.0,FULL,True,0.1451,504.21,1.0938,,,,,,,,,,False,,,,
HGBS_f1.2_b2.0_M2.5_s6,P1,1.2,2.0,2.5,0,6,1.0,FULL,True,0.1653,505.69,2.3958,,,,,,,,,,False,,,,
HGBS_f1.2_b2.0_M2.5_s12,P1,1.2,2.0,2.5,0,12,1.0,FULL,True,0.1653,450.63,1.276,,,,,,,,,,False,,,,
HGBS_f1.2_b2.0_M2.5_s18,P1,1.2,2.0,2.5,0,18,1.0,FULL,True,0.1657,469.72,2.9427,,,,,,,,,,True,,,,
HGBS_f1.2_b2.0_M2.5_s24,P1,1.2,2.0,2.5,0,24,1.0,FULL,True,0.1652,697.5,8.8021,,,,,,,,,,False,,,,
HGBS_f1.2_b2.0_M2.5_s0,P1,1.2,2.0,2.5,0,0,1.0,FULL,True,0.1657,482.07,1.4062,,,,,,,,,,False,,,,
HGBS_f1.2_b2.0_M2.5_s30,P1,1.2,2.0,2.5,0,30,1.0,FULL,True,0.1655,479.76,1.6667,,,,,,,,,,False,,,,
HGBS_f1.1_b2.0_M3.5_s6,P1,1.1,2.0,3.5,0,6,1.0,FULL,True,0.1252,705.47,2.3438,,,,,,,,,,False,,,,
HGBS_f1.1_b2.0_M3.5_s18,P1,1.1,2.0,3.5,0,18,1.0,FULL,True,0.1209,589.48,2.4219,,,,,,,,,,False,,,,
HGBS_f1.1_b2.0_M3.5_s12,P1,1.1,2.0,3.5,0,12,1.0,FULL,True,0.1208,558.22,9.6354,,,,,,,,,,False,,,,
HGBS_f1.1_b2.0_M3.5_s24,P1,1.1,2.0,3.5,0,24,1.0,FULL,True,0.1208,712.33,12.8125,,,,,,,,,,False,,,,
HGBS_f1.1_b2.0_M3.5_s30,P1,1.1,2.0,3.5,0,30,1.0,FULL,True,0.1252,690.84,1.6667,,,,,,,,,,False,,,,
HGBS_f1.1_b2.0_M3.5_s0,P1,1.1,2.0,3.5,0,0,1.0,FULL,True,0.1258,611.04,7.2917,,,,,,,,,,False,,,,
HGBS_f1.1_b2.0_M3.0_s6,P1,1.1,2.0,3.0,0,6,1.0,FULL,True,0.1406,667.99,2.4479,,,,,,,,,,False,,,,
HGBS_f1.1_b2.0_M3.0_s12,P1,1.1,2.0,3.0,0,12,1.0,FULL,True,0.14,579.57,0.8594,,,,,,,,,,False,,,,
HGBS_f1.1_b2.0_M3.0_s18,P1,1.1,2.0,3.0,0,18,1.0,FULL,True,0.1403,551.92,2.6823,,,,,,,,,,True,,,,
HGBS_f1.1_b2.0_M3.0_s24,P1,1.1,2.0,3.0,0,24,1.0,FULL,True,0.1405,621.6,13.0729,,,,,,,,,,False,,,,
HGBS_f1.1_b2.0_M3.0_s30,P1,1.1,2.0,3.0,0,30,1.0,FULL,True,0.1407,713.03,1.5625,,,,,,,,,,False,,,,
HGBS_f1.1_b2.0_M3.0_s0,P1,1.1,2.0,3.0,0,0,1.0,FULL,True,0.1404,671.52,1.0938,,,,,,,,,,False,,,,
HGBS_f1.1_b2.0_M2.5_s6,P1,1.1,2.0,2.5,0,6,1.0,FULL,True,0.161,622.07,2.3958,,,,,,,,,,False,,,,
HGBS_f1.1_b2.0_M2.5_s12,P1,1.1,2.0,2.5,0,12,1.0,FULL,True,0.1561,530.1,1.276,,,,,,,,,,False,,,,
HGBS_f1.1_b2.0_M2.5_s18,P1,1.1,2.0,2.5,0,18,1.0,FULL,True,0.1606,546.25,2.4219,,,,,,,,,,False,,,,
HGBS_f1.1_b2.0_M2.5_s24,P1,1.1,2.0,2.5,0,24,1.0,FULL,True,0.156,721.45,8.8021,,,,,,,,,,False,,,,
HGBS_f1.1_b2.0_M2.5_s30,P1,1.1,2.0,2.5,0,30,1.0,FULL,True,0.1611,627.31,1.6667,,,,,,,,,,False,,,,
HGBS_f1.1_b2.0_M2.5_s0,P1,1.1,2.0,2.5,0,0,1.0,FULL,True,0.1607,568.03,7.2656,,,,,,,,,,False,,,,
HGBS_f1.0_b2.0_M3.5_s6,P1,1.0,2.0,3.5,0,6,1.0,FULL,True,0.116,853.58,2.3438,,,,,,,,,,False,,,,
HGBS_f1.0_b2.0_M3.5_s12,P1,1.0,2.0,3.5,0,12,1.0,FULL,True,0.1152,659.12,9.6354,,,,,,,,,,False,,,,
HGBS_f1.0_b2.0_M3.5_s18,P1,1.0,2.0,3.5,0,18,1.0,FULL,True,0.1151,711.8,2.4479,,,,,,,,,,False,,,,
HGBS_f1.0_b2.0_M3.5_s30,P1,1.0,2.0,3.5,0,30,1.0,FULL,True,0.1159,922.68,1.6667,,,,,,,,,,False,,,,
HGBS_f1.0_b2.0_M3.5_s0,P1,1.0,2.0,3.5,0,0,1.0,FULL,True,0.1155,657.93,7.2917,,,,,,,,,,False,,,,
HGBS_f1.0_b2.0_M3.5_s24,P1,1.0,2.0,3.5,0,24,1.0,FULL,True,0.1156,757.44,12.8125,,,,,,,,,,False,,,,
HGBS_f1.0_b2.0_M3.0_s6,P1,1.0,2.0,3.0,0,6,1.0,FULL,True,0.1308,731.26,2.5521,,,,,,,,,,True,,,,
HGBS_f1.0_b2.0_M3.0_s12,P1,1.0,2.0,3.0,0,12,1.0,FULL,True,0.131,649.21,9.6615,,,,,,,,,,False,,,,
HGBS_f1.0_b2.0_M3.0_s18,P1,1.0,2.0,3.0,0,18,1.0,FULL,True,0.1309,672.99,2.7083,,,,,,,,,,True,,,,
HGBS_f1.0_b2.0_M3.0_s24,P1,1.0,2.0,3.0,0,24,1.0,FULL,True,0.1303,734.09,13.0729,,,,,,,,,,False,,,,
HGBS_f1.0_b2.0_M3.0_s30,P1,1.0,2.0,3.0,0,30,1.0,FULL,True,0.1307,787.91,1.5625,,,,,,,,,,False,,,,
HGBS_f1.0_b2.0_M3.0_s0,P1,1.0,2.0,3.0,0,0,1.0,FULL,True,0.1303,707.55,1.1458,,,,,,,,,,False,,,,
HGBS_f1.0_b2.0_M2.5_s6,P1,1.0,2.0,2.5,0,6,1.0,FULL,True,0.1505,737.58,1.5365,,,,,,,,,,False,,,,
HGBS_f1.0_b2.0_M2.5_s12,P1,1.0,2.0,2.5,0,12,1.0,FULL,True,0.1508,641.04,9.6354,,,,,,,,,,False,,,,
HGBS_f1.0_b2.0_M2.5_s18,P1,1.0,2.0,2.5,0,18,1.0,FULL,True,0.1507,908.52,3.8021,,,,,,,,,,False,,,,
HGBS_f1.0_b2.0_M2.5_s24,P1,1.0,2.0,2.5,0,24,1.0,FULL,True,0.15,952.14,8.8021,,,,,,,,,,False,,,,
HGBS_f1.0_b2.0_M2.5_s30,P1,1.0,2.0,2.5,0,30,1.0,FULL,True,0.1505,1213.94,1.5104,,,,,,,,,,False,,,,
HGBS_f1.0_b2.0_M2.5_s0,P1,1.0,2.0,2.5,0,0,1.0,FULL,True,0.15,804.72,7.2656,,,,,,,,,,False,,,,
EOS_g0.7_b2.0_t0_s0,P2,1.1,2.0,1.0,0,0,0.7,FULL,True,0.2565,475.8,,,,,,,,,,,False,,,,
EOS_g0.8_b2.0_t0_s0,P2,1.1,2.0,1.0,0,0,0.8,FULL,True,0.2613,406.15,,,,,,,,,,,False,,,,
EOS_g0.8_b2.0_t0_s1,P2,1.1,2.0,1.0,0,1,0.8,FULL,True,0.26,513.55,,,,,,,,,,,False,,,,
EOS_g0.7_b2.0_t0_s2,P2,1.1,2.0,1.0,0,2,0.7,FULL,True,0.2565,600.3,,,,,,,,,,,False,,,,
EOS_g0.7_b2.0_t0_s1,P2,1.1,2.0,1.0,0,1,0.7,FULL,True,0.2552,751.37,,,,,,,,,,,False,,,,
EOS_g0.8_b2.0_t0_s2,P2,1.1,2.0,1.0,0,2,0.8,FULL,True,0.2612,427.31,,,,,,,,,,,False,,,,
EOS_g0.9_b2.0_t0_s0,P2,1.1,2.0,1.0,0,0,0.9,FULL,True,0.2657,309.32,,,,,,,,,,,False,,,,
EOS_g0.9_b2.0_t0_s1,P2,1.1,2.0,1.0,0,1,0.9,FULL,True,0.2658,436.61,,,,,,,,,,,False,,,,
EOS_g0.9_b2.0_t0_s2,P2,1.1,2.0,1.0,0,2,0.9,FULL,True,0.2654,357.74,,,,,,,,,,,False,,,,
EOS_g0.95_b2.0_t0_s2,P2,1.1,2.0,1.0,0,2,0.95,FULL,True,0.266,332.77,,,,,,,,,,,False,,,,
EOS_g0.95_b2.0_t0_s1,P2,1.1,2.0,1.0,0,1,0.95,FULL,True,0.2652,450.67,,,,,,,,,,,False,,,,
EOS_g1.0_b2.0_t0_s1,P2,1.1,2.0,1.0,0,1,1.0,FULL,True,0.266,321.07,,,,,,,,,,,False,,,,
EOS_g0.95_b2.0_t0_s0,P2,1.1,2.0,1.0,0,0,0.95,FULL,True,0.2651,383.09,,,,,,,,,,,False,,,,
EOS_g1.0_b2.0_t0_s0,P2,1.1,2.0,1.0,0,0,1.0,FULL,True,0.266,422.23,,,,,,,,,,,False,,,,
EOS_g0.9_b2.0_t90_s0,P2,1.1,2.0,1.0,90,0,0.9,PARTIAL,True,0.2659,362.48,,,,,,,,,,,False,,,,
EOS_g1.0_b2.0_t0_s2,P2,1.1,2.0,1.0,0,2,1.0,FULL,True,0.2654,318.54,,,,,,,,,,,False,,,,
EOS_g0.9_b2.0_t90_s1,P2,1.1,2.0,1.0,90,1,0.9,PARTIAL,True,0.2653,346.51,,,,,,,,,,,False,,,,
EOS_g0.95_b2.0_t90_s0,P2,1.1,2.0,1.0,90,0,0.95,PARTIAL,True,0.2651,333.75,,,,,,,,,,,False,,,,
EOS_g0.95_b2.0_t90_s1,P2,1.1,2.0,1.0,90,1,0.95,PARTIAL,True,0.2657,318.94,,,,,,,,,,,False,,,,
EOS_g0.9_b1.0_t0_s1,P2,1.1,1.0,1.0,0,1,0.9,FULL,True,0.2656,441.43,,,,,,,,,,,False,,,,
EOS_g0.9_b1.0_t0_s0,P2,1.1,1.0,1.0,0,0,0.9,FULL,True,0.2656,390.9,,,,,,,,,,,False,,,,
EOS_g0.9_b2.0_t90_s2,P2,1.1,2.0,1.0,90,2,0.9,PARTIAL,True,0.2653,375.4,,,,,,,,,,,False,,,,
EOS_g0.9_b1.0_t0_s2,P2,1.1,1.0,1.0,0,2,0.9,FULL,True,0.2654,329.55,,,,,,,,,,,False,,,,
EOS_g0.7_b1.0_t0_s0,P2,1.1,1.0,1.0,0,0,0.7,FULL,True,0.2552,547.59,,,,,,,,,,,False,,,,
EOS_g0.7_b1.0_t0_s1,P2,1.1,1.0,1.0,0,1,0.7,FULL,True,0.2555,685.19,,,,,,,,,,,False,,,,
EOS_g0.9_b1.0_t90_s1,P2,1.1,1.0,1.0,90,1,0.9,PARTIAL,True,0.2662,325.93,,,,,,,,,,,False,,,,
EOS_g0.9_b1.0_t90_s0,P2,1.1,1.0,1.0,90,0,0.9,PARTIAL,True,0.2656,306.56,,,,,,,,,,,False,,,,
EOS_g0.7_b1.0_t90_s0,P2,1.1,1.0,1.0,90,0,0.7,PARTIAL,True,0.2555,424.53,,,,,,,,,,,False,,,,
EOS_g0.7_b1.0_t90_s1,P2,1.1,1.0,1.0,90,1,0.7,RADIAL_COLLAPSE,False,,600.27,,,,,,,,,,,False,,,,
EOS_g0.95_b2.0_t90_s2,P2,1.1,2.0,1.0,90,2,0.95,PARTIAL,True,0.2659,356.51,,,,,,,,,,,False,,,,
EOS_g0.8_b1.0_t0_s1,P2,1.1,1.0,1.0,0,1,0.8,FULL,True,0.2608,568.07,,,,,,,,,,,False,,,,
EOS_g0.8_b1.0_t0_s0,P2,1.1,1.0,1.0,0,0,0.8,FULL,True,0.2606,462.98,,,,,,,,,,,False,,,,
EOS_g0.8_b1.0_t90_s0,P2,1.1,1.0,1.0,90,0,0.8,PARTIAL,True,0.2614,325.71,,,,,,,,,,,False,,,,
EOS_g0.8_b1.0_t90_s1,P2,1.1,1.0,1.0,90,1,0.8,PARTIAL,True,0.2609,386.61,,,,,,,,,,,False,,,,
EOS_g0.9_b1.0_t90_s2,P2,1.1,1.0,1.0,90,2,0.9,PARTIAL,True,0.2655,479.76,,,,,,,,,,,False,,,,
DTC_f0.6_b0.5_M1_s1,P3,0.6,0.5,1.0,90,1,1.0,RADIAL_COLLAPSE,False,,1100.36,,,,,,,,,,,False,,,,
DTC_f0.8_b0.5_M1_s1,P3,0.8,0.5,1.0,90,1,1.0,RADIAL_COLLAPSE,False,,574.43,,,,,,,,,,,False,,,,
DTC_f0.4_b0.5_M1_s0,P3,0.4,0.5,1.0,90,0,1.0,RADIAL_COLLAPSE,False,,2552.93,,,,,,,,,,,False,,,,
DTC_f0.6_b0.5_M1_s0,P3,0.6,0.5,1.0,90,0,1.0,RADIAL_COLLAPSE,False,,1168.87,,,,,,,,,,,False,,,,
DTC_f1.0_b0.5_M1_s0,P3,1.0,0.5,1.0,90,0,1.0,PARTIAL,True,0.2609,305.64,,,,,,,,,,,False,,,,
DTC_f0.4_b0.5_M1_s1,P3,0.4,0.5,1.0,90,1,1.0,RADIAL_COLLAPSE,False,,2355.73,,,,,,,,,,,False,,,,
DTC_f0.8_b0.5_M1_s0,P3,0.8,0.5,1.0,90,0,1.0,RADIAL_COLLAPSE,False,,559.83,,,,,,,,,,,False,,,,
DTC_f1.0_b0.5_M1_s1,P3,1.0,0.5,1.0,90,1,1.0,PARTIAL,True,0.2601,315.4,,,,,,,,,,,False,,,,
DTC_f0.4_b0.3_M2_s0,P3,0.4,0.3,2.0,90,0,1.0,RADIAL_COLLAPSE,False,,2444.66,,,,,,,,,,,False,,,,
DTC_f0.4_b0.3_M2_s1,P3,0.4,0.3,2.0,90,1,1.0,RADIAL_COLLAPSE,False,,2163.08,,,,,,,,,,,False,,,,
DTC_f0.6_b0.3_M2_s0,P3,0.6,0.3,2.0,90,0,1.0,RADIAL_COLLAPSE,False,,1072.43,,,,,,,,,,,False,,,,
DTC_f0.6_b0.3_M2_s1,P3,0.6,0.3,2.0,90,1,1.0,RADIAL_COLLAPSE,False,,1076.62,,,,,,,,,,,False,,,,
DTC_f1.2_b0.5_M1_s1,P3,1.2,0.5,1.0,90,1,1.0,PARTIAL,True,0.2756,300.6,,,,,,,,,,,False,,,,
DTC_f0.8_b0.3_M2_s0,P3,0.8,0.3,2.0,90,0,1.0,RADIAL_COLLAPSE,False,,689.71,,,,,,,,,,,False,,,,
DTC_f1.2_b0.5_M1_s0,P3,1.2,0.5,1.0,90,0,1.0,PARTIAL,True,0.2755,310.15,,,,,,,,,,,False,,,,
DTC_f0.8_b0.3_M2_s1,P3,0.8,0.3,2.0,90,1,1.0,RADIAL_COLLAPSE,False,,730.95,,,,,,,,,,,False,,,,
DTC_f1.4_b0.5_M1_s0,P3,1.4,0.5,1.0,90,0,1.0,PARTIAL,True,0.2854,313.38,,,,,,,,,,,False,,,,
DTC_f1.0_b0.3_M2_s0,P3,1.0,0.3,2.0,90,0,1.0,PARTIAL,True,0.1756,485.81,,,,,,,,,,,False,,,,
DTC_f1.0_b0.3_M2_s1,P3,1.0,0.3,2.0,90,1,1.0,PARTIAL,True,0.176,463.15,,,,,,,,,,,False,,,,
DTC_f1.2_b0.3_M2_s0,P3,1.2,0.3,2.0,90,0,1.0,PARTIAL,True,0.1955,338.46,,,,,,,,,,,False,,,,
DTC_f1.2_b0.3_M2_s1,P3,1.2,0.3,2.0,90,1,1.0,PARTIAL,True,0.1956,347.62,,,,,,,,,,,False,,,,
DTC_f1.4_b0.3_M2_s0,P3,1.4,0.3,2.0,90,0,1.0,PARTIAL,True,0.2058,315.96,,,,,,,,,,,False,,,,
DTC_f1.4_b0.3_M2_s1,P3,1.4,0.3,2.0,90,1,1.0,PARTIAL,True,0.2057,342.99,,,,,,,,,,,False,,,,
DTC_CTRL_f0.4_b0.3_M1_s0,P3,0.4,0.3,1.0,90,0,1.0,RADIAL_COLLAPSE,False,,1994.96,,,,,,,,,,,False,,,,
DTC_CTRL_f0.4_b0.3_M1_s1,P3,0.4,0.3,1.0,90,1,1.0,RADIAL_COLLAPSE,False,,1876.32,,,,,,,,,,,False,,,,
DTC_f1.4_b0.5_M1_s1,P3,1.4,0.5,1.0,90,1,1.0,PARTIAL,True,0.2853,307.3,,,,,,,,,,,False,,,,
DTC_CTRL_f0.4_b0.3_M1_s2,P3,0.4,0.3,1.0,90,2,1.0,RADIAL_COLLAPSE,False,,2121.88,,,,,,,,,,,False,,,,
DTC_CTRL_f0.4_b0.3_M1_s3,P3,0.4,0.3,1.0,90,3,1.0,RADIAL_COLLAPSE,False,,2278.58,,,,,,,,,,,False,,,,
DTC_CTRL_f0.4_b0.3_M1_s4,P3,0.4,0.3,1.0,90,4,1.0,RADIAL_COLLAPSE,False,,2428.28,,,,,,,,,,,False,,,,
DTC_CTRL_f0.4_b0.3_M1_s5,P3,0.4,0.3,1.0,90,5,1.0,RADIAL_COLLAPSE,False,,2131.4,,,,,,,,,,,False,,,,
DTC_CTRL_f0.4_b0.5_M2_s0,P3,0.4,0.5,2.0,90,0,1.0,RADIAL_COLLAPSE,False,,2865.26,,,,,,,,,,,False,,,,
DTC_CTRL_f0.4_b0.5_M2_s1,P3,0.4,0.5,2.0,90,1,1.0,RADIAL_COLLAPSE,False,,2869.49,,,,,,,,,,,False,,,,
DTC_CTRL_f0.4_b0.5_M2_s2,P3,0.4,0.5,2.0,90,2,1.0,RADIAL_COLLAPSE,False,,2946.25,,,,,,,,,,,False,,,,
DTC_CTRL_f0.4_b0.5_M2_s3,P3,0.4,0.5,2.0,90,3,1.0,RADIAL_COLLAPSE,False,,3433.83,,,,,,,,,,,False,,,,
DTC_CTRL_f0.4_b0.5_M2_s4,P3,0.4,0.5,2.0,90,4,1.0,RADIAL_COLLAPSE,False,,3701.92,,,,,,,,,,,False,,,,
DTC_CTRL_f0.4_b0.5_M2_s5,P3,0.4,0.5,2.0,90,5,1.0,RADIAL_COLLAPSE,False,,3359.85,,,,,,,,,,,False,,,,
DTC_f1.6_b0.3_M2_s0,P3,1.6,0.3,2.0,90,0,1.0,PARTIAL,True,0.2208,318.8,,,,,,,,,,,False,,,,
DTC_f1.6_b0.3_M2_s1,P3,1.6,0.3,2.0,90,1,1.0,PARTIAL,True,0.2204,396.07,,,,,,,,,,,False,,,,
DTC_f1.6_b0.5_M1_s0,P3,1.6,0.5,1.0,90,0,1.0,PARTIAL,True,0.2855,317.98,,,,,,,,,,,False,,,,
DTC_f1.6_b0.5_M1_s1,P3,1.6,0.5,1.0,90,1,1.0,PARTIAL,True,0.2856,317.07,,,,,,,,,,,False,,,,
WIDTH_T_STABLE,P4,0.4,2.0,1.0,90,0,1.0,RADIAL_COLLAPSE,False,,1241.55,0.9375,,,,,,,,,,False,,,,
WIDTH_T_NC,P4,1.1,2.0,3.0,0,6,1.0,FULL,True,0.1504,334.99,1.5625,,,,,,,,,,False,,,,
WIDTH_rho_STABLE,P4,0.4,2.0,1.0,90,0,1.0,RADIAL_COLLAPSE,False,,2999.39,1.0677,,,,,,,,,,False,,,,
WIDTH_T_CG,P4,1.1,2.0,2.5,0,6,1.0,FULL,True,0.1704,302.17,2.4479,,,,,,,,,,False,,,,
WIDTH_rho_CG,P4,1.1,2.0,2.5,0,6,1.0,FULL,True,0.161,622.07,2.3958,,,,,,,,,,False,,,,
WIDTH_rho_NC,P4,1.1,2.0,3.0,0,6,1.0,FULL,True,0.1406,667.99,2.4479,,,,,,,,,,False,,,,
WIDTH_rho_STOCHASTIC,P4,1.4,2.0,2.0,90,3,1.0,PARTIAL,True,0.206,456.28,2.1354,,,,,,,,,,False,,,,
WIDTH_T_STOCHASTIC,P4,1.4,2.0,2.0,90,3,1.0,PARTIAL,True,0.2101,325.56,2.0833,,,,,,,,,,False,,,,
HGBS_REVERIFY_f1.0_b2.0_M3.0_s6,P1,1.0,2.0,3.0,0,6,,FULL,True,0.1308,814.05,2.4479,2.4479,4.8468,ok,3,1.9688,0.125,0.4062,4.918,HGBS_REVERIFY_f1.0_b2.0_M3.0_s6.prim.00005.athdf,,False,False,,
HGBS_REVERIFY_f1.1_b2.0_M2.5_s6,P1,1.1,2.0,2.5,0,6,,FULL,True,0.161,622.07,2.3958,2.3958,8.141,ok,3,1.7812,0.0625,0.2188,7.793,HGBS_REVERIFY_f1.1_b2.0_M2.5_s6.prim.00006.athdf,,False,False,,
HGBS_REVERIFY_f1.1_b2.0_M3.0_s6,P1,1.1,2.0,3.0,0,6,,FULL,True,0.1406,667.99,2.4479,2.4479,5.7264,ok,3,1.9688,0.125,0.3438,5.07,HGBS_REVERIFY_f1.1_b2.0_M3.0_s6.prim.00005.athdf,,False,False,,
HGBS_REVERIFY_f1.1_b2.0_M3.5_s6,P1,1.1,2.0,3.5,0,6,,FULL,True,0.1252,642.57,2.3438,2.3438,6.3345,ok,3,1.7812,0.0625,0.2812,7.447,HGBS_REVERIFY_f1.1_b2.0_M3.5_s6.prim.00005.athdf,,False,False,,
HGBS_REVERIFY_f1.2_b2.0_M2.5_s6,P1,1.2,2.0,2.5,0,6,,FULL,True,0.1653,505.69,2.3958,2.3958,8.0696,ok,3,1.7656,0.0781,0.2188,7.794,HGBS_REVERIFY_f1.2_b2.0_M2.5_s6.prim.00006.athdf,,False,False,,
HGBS_REVERIFY_f1.2_b2.0_M3.0_s6,P1,1.2,2.0,3.0,0,6,,FULL,True,0.1458,562.93,2.4479,2.4479,7.0012,ok,3,1.9688,0.125,0.2812,5.193,HGBS_REVERIFY_f1.2_b2.0_M3.0_s6.prim.00005.athdf,,False,False,,
HGBS_f1.0_b2.0_M2.5_s0,P1,1.0,2.0,2.5,0,0,,FULL,True,0.15,804.72,7.2656,7.2656,4.1769,ok_irregular,5,2.2188,1.4244,0.5312,2.16,HGBS_f1.0_b2.0_M2.5_s0.prim.00004.athdf,,False,False,,
HGBS_f1.0_b2.0_M2.5_s12,P1,1.0,2.0,2.5,0,12,,FULL,True,0.1508,641.04,9.6354,9.6354,11.1321,low_confidence,2,5.2188,0.0,0.4688,3.285,HGBS_f1.0_b2.0_M2.5_s12.prim.00011.athdf,,False,False,,
HGBS_f1.0_b2.0_M2.5_s18,P1,1.0,2.0,2.5,0,18,,FULL,True,0.1507,908.52,3.8021,3.8021,12.4718,ok,3,6.625,2.5312,0.5312,2.282,HGBS_f1.0_b2.0_M2.5_s18.prim.00004.athdf,,False,False,,
HGBS_f1.0_b2.0_M2.5_s24,P1,1.0,2.0,2.5,0,24,,FULL,True,0.15,952.14,8.8021,8.8021,29.0867,low_confidence,2,10.0,0.0,0.3438,4.423,HGBS_f1.0_b2.0_M2.5_s24.prim.00013.athdf,,False,False,,
HGBS_f1.0_b2.0_M2.5_s30,P1,1.0,2.0,2.5,0,30,,FULL,True,0.1505,1213.94,1.5104,1.5104,7.284,ok_irregular,5,1.5938,0.9077,0.2188,4.965,HGBS_f1.0_b2.0_M2.5_s30.prim.00016.athdf,,False,False,,
HGBS_f1.0_b2.0_M2.5_s6,P1,1.0,2.0,2.5,0,6,,FULL,True,0.1505,737.58,1.5365,1.5365,7.284,ok,3,1.5938,0.0312,0.2188,9.441,HGBS_f1.0_b2.0_M2.5_s6.prim.00016.athdf,,False,False,,
HGBS_f1.0_b2.0_M3.0_s0,P1,1.0,2.0,3.0,0,0,,FULL,True,0.1303,707.55,1.1458,1.1458,1.8237,ok_irregular,4,0.9688,3.2131,0.5312,2.649,HGBS_f1.0_b2.0_M3.0_s0.prim.00004.athdf,,False,False,,
HGBS_f1.0_b2.0_M3.0_s12,P1,1.0,2.0,3.0,0,12,,FULL,True,0.131,649.21,9.6615,9.6615,9.8245,low_confidence,2,5.2188,0.0,0.5312,3.485,HGBS_f1.0_b2.0_M3.0_s12.prim.00004.athdf,,False,False,,
HGBS_f1.0_b2.0_M3.0_s18,P1,1.0,2.0,3.0,0,18,,FULL,True,0.1309,672.99,2.7083,2.7083,7.2625,ok,4,4.3125,1.6972,0.5938,1.859,HGBS_f1.0_b2.0_M3.0_s18.prim.00003.athdf,,True,False,,
HGBS_f1.0_b2.0_M3.0_s24,P1,1.0,2.0,3.0,0,24,,FULL,True,0.1303,734.09,13.0729,13.0729,12.4989,ok,3,7.4219,1.4531,0.5938,1.817,HGBS_f1.0_b2.0_M3.0_s24.prim.00003.athdf,,False,False,,
HGBS_f1.0_b2.0_M3.0_s30,P1,1.0,2.0,3.0,0,30,,FULL,True,0.1307,787.91,1.5625,1.5625,7.0698,ok_irregular,5,1.5469,0.9277,0.2188,5.252,HGBS_f1.0_b2.0_M3.0_s30.prim.00006.athdf,,False,False,,
HGBS_f1.0_b2.0_M3.0_s6,P1,1.0,2.0,3.0,0,6,,FULL,True,0.1308,731.26,2.5521,2.5521,6.9984,ok,3,1.5312,0.0,0.2188,10.063,HGBS_f1.0_b2.0_M3.0_s6.prim.00015.athdf,,True,False,,
HGBS_f1.0_b2.0_M3.5_s0,P1,1.0,2.0,3.5,0,0,,FULL,True,0.1155,657.93,7.2917,7.2917,8.6773,ok_irregular,3,4.6094,3.1719,0.5312,3.333,HGBS_f1.0_b2.0_M3.5_s0.prim.00004.athdf,,False,False,,
HGBS_f1.0_b2.0_M3.5_s12,P1,1.0,2.0,3.5,0,12,,FULL,True,0.1152,659.12,9.6354,9.6354,7.1434,ok,3,4.6875,0.3438,0.6562,1.61,HGBS_f1.0_b2.0_M3.5_s12.prim.00002.athdf,,False,False,,
HGBS_f1.0_b2.0_M3.5_s18,P1,1.0,2.0,3.5,0,18,,FULL,True,0.1151,711.8,2.4479,2.4479,11.1043,ok,3,6.5938,2.4062,0.5938,2.134,HGBS_f1.0_b2.0_M3.5_s18.prim.00003.athdf,,False,False,,
HGBS_f1.0_b2.0_M3.5_s24,P1,1.0,2.0,3.5,0,24,,FULL,True,0.1156,757.44,12.8125,12.8125,18.3547,low_confidence,2,9.75,0.0,0.5312,3.589,HGBS_f1.0_b2.0_M3.5_s24.prim.00004.athdf,,False,False,,
HGBS_f1.0_b2.0_M3.5_s30,P1,1.0,2.0,3.5,0,30,,FULL,True,0.1159,922.68,1.6667,1.6667,2.4618,ok_irregular,4,1.0,0.7824,0.4062,4.038,HGBS_f1.0_b2.0_M3.5_s30.prim.00005.athdf,,False,False,,
HGBS_f1.0_b2.0_M3.5_s6,P1,1.0,2.0,3.5,0,6,,FULL,True,0.116,853.58,2.3438,2.3438,5.2265,ok,3,1.7969,0.0781,0.3438,7.311,HGBS_f1.0_b2.0_M3.5_s6.prim.00005.athdf,,False,False,,
HGBS_f1.1_b2.0_M2.5_s0,P1,1.1,2.0,2.5,0,0,,FULL,True,0.1607,568.03,7.2656,7.2656,4.1769,ok_irregular,5,2.2188,1.4244,0.5312,2.161,HGBS_f1.1_b2.0_M2.5_s0.prim.00004.athdf,,False,False,,
HGBS_f1.1_b2.0_M2.5_s12,P1,1.1,2.0,2.5,0,12,,FULL,True,0.1561,530.1,1.276,1.276,9.7068,low_confidence,2,5.1562,0.0,0.5312,2.661,HGBS_f1.1_b2.0_M2.5_s12.prim.00004.athdf,,False,False,,
HGBS_f1.1_b2.0_M2.5_s18,P1,1.1,2.0,2.5,0,18,,FULL,True,0.1606,546.25,2.4219,2.4219,12.4718,ok,3,6.625,2.5312,0.5312,2.302,HGBS_f1.1_b2.0_M2.5_s18.prim.00004.athdf,,False,False,,
HGBS_f1.1_b2.0_M2.5_s24,P1,1.1,2.0,2.5,0,24,,FULL,True,0.156,721.45,8.8021,8.8021,7.3678,ok_irregular,4,4.375,2.895,0.5938,1.614,HGBS_f1.1_b2.0_M2.5_s24.prim.00003.athdf,,False,False,,
HGBS_f1.1_b2.0_M2.5_s30,P1,1.1,2.0,2.5,0,30,,FULL,True,0.1611,627.31,1.6667,1.6667,4.4276,ok_irregular,4,0.9688,0.7824,0.2188,4.215,HGBS_f1.1_b2.0_M2.5_s30.prim.00006.athdf,,False,False,,
HGBS_f1.1_b2.0_M2.5_s6,P1,1.1,2.0,2.5,0,6,,FULL,True,0.161,622.07,2.3958,2.3958,8.141,ok,3,1.7812,0.0625,0.2188,7.793,HGBS_f1.1_b2.0_M2.5_s6.prim.00006.athdf,,False,False,,
HGBS_f1.1_b2.0_M3.0_s0,P1,1.1,2.0,3.0,0,0,,FULL,True,0.1404,671.52,1.0938,1.0938,1.8237,ok_irregular,4,0.9688,3.2131,0.5312,2.672,HGBS_f1.1_b2.0_M3.0_s0.prim.00004.athdf,,False,False,,
HGBS_f1.1_b2.0_M3.0_s12,P1,1.1,2.0,3.0,0,12,,FULL,True,0.14,579.57,0.8594,0.8594,9.8833,low_confidence,2,5.25,0.0,0.5312,3.522,HGBS_f1.1_b2.0_M3.0_s12.prim.00004.athdf,,False,False,,
HGBS_f1.1_b2.0_M3.0_s18,P1,1.1,2.0,3.0,0,18,,FULL,True,0.1403,551.92,2.6823,2.6823,7.2625,ok,4,4.3125,1.6972,0.5938,1.859,HGBS_f1.1_b2.0_M3.0_s18.prim.00003.athdf,,True,False,,
HGBS_f1.1_b2.0_M3.0_s24,P1,1.1,2.0,3.0,0,24,,FULL,True,0.1405,621.6,13.0729,13.0729,12.4989,ok,3,7.4219,1.4531,0.5938,1.818,HGBS_f1.1_b2.0_M3.0_s24.prim.00003.athdf,,False,False,,
HGBS_f1.1_b2.0_M3.0_s30,P1,1.1,2.0,3.0,0,30,,FULL,True,0.1407,713.03,1.5625,1.5625,7.0698,ok_irregular,5,1.5469,0.9277,0.2188,5.298,HGBS_f1.1_b2.0_M3.0_s30.prim.00006.athdf,,False,False,,
HGBS_f1.1_b2.0_M3.0_s6,P1,1.1,2.0,3.0,0,6,,FULL,True,0.1406,667.99,2.4479,2.4479,5.7264,ok,3,1.9688,0.125,0.3438,5.07,HGBS_f1.1_b2.0_M3.0_s6.prim.00005.athdf,,False,False,,
HGBS_f1.1_b2.0_M3.5_s0,P1,1.1,2.0,3.5,0,0,,FULL,True,0.1258,611.04,7.2917,7.2917,9.8323,ok_irregular,3,4.6094,3.1719,0.4688,3.362,HGBS_f1.1_b2.0_M3.5_s0.prim.00004.athdf,,False,False,,
HGBS_f1.1_b2.0_M3.5_s12,P1,1.1,2.0,3.5,0,12,,FULL,True,0.1208,558.22,9.6354,9.6354,7.1434,ok,3,4.6875,0.3438,0.6562,1.61,HGBS_f1.1_b2.0_M3.5_s12.prim.00002.athdf,,False,False,,
HGBS_f1.1_b2.0_M3.5_s18,P1,1.1,2.0,3.5,0,18,,FULL,True,0.1209,589.48,2.4219,2.4219,11.1043,ok,3,6.5938,2.4062,0.5938,2.135,HGBS_f1.1_b2.0_M3.5_s18.prim.00003.athdf,,False,False,,
HGBS_f1.1_b2.0_M3.5_s24,P1,1.1,2.0,3.5,0,24,,FULL,True,0.1208,712.33,12.8125,12.8125,20.8644,low_confidence,2,9.7812,0.0,0.4688,3.62,HGBS_f1.1_b2.0_M3.5_s24.prim.00004.athdf,,False,False,,
HGBS_f1.1_b2.0_M3.5_s30,P1,1.1,2.0,3.5,0,30,,FULL,True,0.1252,690.84,1.6667,1.6667,2.8178,ok_irregular,4,0.9688,0.7891,0.3438,4.083,HGBS_f1.1_b2.0_M3.5_s30.prim.00005.athdf,,False,True,,
HGBS_f1.1_b2.0_M3.5_s6,P1,1.1,2.0,3.5,0,6,,FULL,True,0.1252,705.47,2.3438,2.3438,6.3345,ok,3,1.7812,0.0625,0.2812,7.447,HGBS_f1.1_b2.0_M3.5_s6.prim.00005.athdf,,False,False,,
HGBS_f1.2_b2.0_M2.5_s0,P1,1.2,2.0,2.5,0,0,,FULL,True,0.1657,482.07,1.4062,1.4062,4.7328,ok_irregular,5,2.2188,1.4244,0.4688,2.177,HGBS_f1.2_b2.0_M2.5_s0.prim.00004.athdf,,False,False,,
HGBS_f1.2_b2.0_M2.5_s12,P1,1.2,2.0,2.5,0,12,,FULL,True,0.1653,450.63,1.276,1.276,10.9988,low_confidence,2,5.1562,0.0,0.4688,2.664,HGBS_f1.2_b2.0_M2.5_s12.prim.00004.athdf,,False,False,,
HGBS_f1.2_b2.0_M2.5_s18,P1,1.2,2.0,2.5,0,18,,FULL,True,0.1657,469.72,2.9427,2.9427,14.1318,ok,3,6.625,2.5312,0.4688,2.323,HGBS_f1.2_b2.0_M2.5_s18.prim.00004.athdf,,True,False,,
HGBS_f1.2_b2.0_M2.5_s24,P1,1.2,2.0,2.5,0,24,,FULL,True,0.1652,697.5,8.8021,8.8021,28.6322,low_confidence,2,9.8438,0.0,0.3438,3.987,HGBS_f1.2_b2.0_M2.5_s24.prim.00005.athdf,,False,False,,
HGBS_f1.2_b2.0_M2.5_s30,P1,1.2,2.0,2.5,0,30,,FULL,True,0.1655,479.76,1.6667,1.6667,4.4276,ok_irregular,4,0.9688,0.7677,0.2188,4.292,HGBS_f1.2_b2.0_M2.5_s30.prim.00006.athdf,,False,False,,
HGBS_f1.2_b2.0_M2.5_s6,P1,1.2,2.0,2.5,0,6,,FULL,True,0.1653,505.69,2.3958,2.3958,8.0696,ok,3,1.7656,0.0781,0.2188,7.794,HGBS_f1.2_b2.0_M2.5_s6.prim.00006.athdf,,False,False,,
HGBS_f1.2_b2.0_M3.0_s0,P1,1.2,2.0,3.0,0,0,,FULL,True,0.1451,504.21,1.0938,1.0938,2.0664,ok_irregular,4,0.9688,3.2131,0.4688,2.696,HGBS_f1.2_b2.0_M3.0_s0.prim.00004.athdf,,False,False,,
HGBS_f1.2_b2.0_M3.0_s12,P1,1.2,2.0,3.0,0,12,,FULL,True,0.1457,504.49,0.8594,0.8594,11.1988,low_confidence,2,5.25,0.0,0.4688,3.526,HGBS_f1.2_b2.0_M3.0_s12.prim.00004.athdf,,False,False,,
HGBS_f1.2_b2.0_M3.0_s18,P1,1.2,2.0,3.0,0,18,,FULL,True,0.1451,469.92,2.6823,2.6823,7.2625,ok,4,4.3125,1.6972,0.5938,1.859,HGBS_f1.2_b2.0_M3.0_s18.prim.00003.athdf,,True,False,,
HGBS_f1.2_b2.0_M3.0_s24,P1,1.2,2.0,3.0,0,24,,FULL,True,0.1458,454.94,13.0729,13.0729,12.4989,ok,3,7.4219,1.4531,0.5938,1.818,HGBS_f1.2_b2.0_M3.0_s24.prim.00003.athdf,,False,False,,
HGBS_f1.2_b2.0_M3.0_s30,P1,1.2,2.0,3.0,0,30,,FULL,True,0.1459,595.54,1.8229,1.8229,3.2723,ok_irregular,4,1.125,0.7891,0.3438,3.349,HGBS_f1.2_b2.0_M3.0_s30.prim.00005.athdf,,False,False,,
HGBS_f1.2_b2.0_M3.0_s6,P1,1.2,2.0,3.0,0,6,,FULL,True,0.1458,562.93,2.4479,2.4479,7.0012,ok,3,1.9688,0.125,0.2812,5.193,HGBS_f1.2_b2.0_M3.0_s6.prim.00005.athdf,,False,False,,
HGBS_f1.2_b2.0_M3.5_s0,P1,1.2,2.0,3.5,0,0,,FULL,True,0.1302,575.89,7.2917,7.2917,3.7628,ok_irregular,5,2.2344,1.3869,0.5938,2.024,HGBS_f1.2_b2.0_M3.5_s0.prim.00003.athdf,,False,False,,
HGBS_f1.2_b2.0_M3.5_s12,P1,1.2,2.0,3.5,0,12,,FULL,True,0.1308,470.41,9.6615,9.6615,7.1672,ok,3,4.7031,0.3594,0.6562,1.621,HGBS_f1.2_b2.0_M3.5_s12.prim.00002.athdf,,False,False,,
HGBS_f1.2_b2.0_M3.5_s18,P1,1.2,2.0,3.5,0,18,,FULL,True,0.1303,544.06,2.4219,2.4219,11.1043,ok,3,6.5938,2.4062,0.5938,2.135,HGBS_f1.2_b2.0_M3.5_s18.prim.00003.athdf,,False,False,,
HGBS_f1.2_b2.0_M3.5_s24,P1,1.2,2.0,3.5,0,24,,FULL,True,0.1301,603.7,8.8542,8.8542,20.8644,low_confidence,2,9.7812,0.0,0.4688,3.658,HGBS_f1.2_b2.0_M3.5_s24.prim.00004.athdf,,False,False,,
HGBS_f1.2_b2.0_M3.5_s30,P1,1.2,2.0,3.5,0,30,,FULL,True,0.1302,573.45,1.7188,1.7188,3.4451,ok_irregular,4,0.9688,0.7743,0.2812,4.133,HGBS_f1.2_b2.0_M3.5_s30.prim.00005.athdf,,False,False,,
HGBS_f1.2_b2.0_M3.5_s6,P1,1.2,2.0,3.5,0,6,,FULL,True,0.13,592.53,2.3438,2.3438,6.3345,ok,3,1.7812,0.0625,0.2812,7.588,HGBS_f1.2_b2.0_M3.5_s6.prim.00005.athdf,,False,False,,
P2LW_g0.95_b2.0_M3.0_s2,P2_LW,1.1,2.0,3.0,0,2,0.95,FULL,True,0.25,,,,,,1,,,,,,False,,,EARLY_FRAG@t=0.250,93
P2LW_g0.9_b2.0_M3.0_s0,P2_LW,1.1,2.0,3.0,0,0,0.9,FULL,True,0.265,,26.178,,,,2,,,,,,False,,,EARLY_FRAG@t=0.265,93
P2LW_g0.95_b2.0_M3.0_s1,P2_LW,1.1,2.0,3.0,0,1,0.95,FULL,True,0.26,,12.089,,,,4,,,,,,False,,,EARLY_FRAG@t=0.260,93
P2LW_g0.9_b2.0_M3.0_s2,P2_LW,1.1,2.0,3.0,0,2,0.9,FULL,True,0.25,,,,,,1,,,,,,False,,,EARLY_FRAG@t=0.250,93
P2LW_g0.95_b2.0_M3.0_s0,P2_LW,1.1,2.0,3.0,0,0,0.95,FULL,True,0.26,,26.087,,,,2,,,,,,False,,,EARLY_FRAG@t=0.260,93
P2LW_g1.0_b2.0_M3.0_s0,P2_LW,1.1,2.0,3.0,0,0,1.0,FULL,True,0.255,,25.905,,,,2,,,,,,False,,,EARLY_FRAG@t=0.255,93
P2LW_g0.9_b2.0_M3.0_s1,P2_LW,1.1,2.0,3.0,0,1,0.9,FULL,True,0.255,,10.309,,,,4,,,,,,False,,,EARLY_FRAG@t=0.255,93
P2LW_g1.0_b2.0_M3.0_s1,P2_LW,1.1,2.0,3.0,0,1,1.0,FULL,True,0.25,,,,,,0,,,,,,False,,,EARLY_FRAG@t=0.250,600
P2LW_g1.0_b2.0_M3.0_s2,P2_LW,1.1,2.0,3.0,0,2,1.0,FULL,True,0.25,,,,,,0,,,,,,False,,,EARLY_FRAG@t=0.250,600
