idx,sim_id,morph,f,beta,mach,p_ext,seed,lw,npk,wall,event,t_event,lw_genuine,collapsed,timed_out
1,RCE_f1.2_b0.5_m2.0_p0.1_s2,FULL,1.2,0.5,2.0,0.1,2,,1,241,DT_COLLAPSE,0.08,,True,False
2,RCE_f1.2_b0.5_m2.0_p0.0_s2,FULL,1.2,0.5,2.0,0.0,2,,1,241,DT_COLLAPSE,0.08,,True,False
3,RCE_f1.2_b0.5_m2.0_p0.3_s2,FULL,1.2,0.5,2.0,0.3,2,,1,271,DT_COLLAPSE,0.08,,True,False
4,RCE_f1.2_b0.5_m2.0_p0.0_s1,FULL,1.2,0.5,2.0,0.0,1,,1,1082,GRAV_FRAG,0.085,,True,False
5,RCE_f1.2_b0.5_m2.0_p0.1_s1,FULL,1.2,0.5,2.0,0.1,1,,1,1082,GRAV_FRAG,0.085,,True,False
6,RCE_f1.2_b0.5_m2.0_p0.3_s1,FULL,1.2,0.5,2.0,0.3,1,,1,1082,GRAV_FRAG,0.085,,True,False
7,RCE_f1.2_b0.5_m3.0_p0.0_s1,FULL,1.2,0.5,3.0,0.0,1,,1,241,DT_COLLAPSE,0.075,,True,False
8,RCE_f1.2_b0.5_m2.0_p0.5_s2,FULL,1.2,0.5,2.0,0.5,2,,1,271,DT_COLLAPSE,0.08,,True,False
9,RCE_f1.2_b0.5_m2.0_p0.0_s3,FULL,1.2,0.5,2.0,0.0,3,,1,1382,GRAV_FRAG,0.085,,True,False
10,RCE_f1.2_b0.5_m2.0_p0.1_s3,FULL,1.2,0.5,2.0,0.1,3,,1,1382,GRAV_FRAG,0.085,,True,False
11,RCE_f1.2_b0.5_m3.0_p0.1_s1,FULL,1.2,0.5,3.0,0.1,1,,1,241,DT_COLLAPSE,0.075,,True,False
12,RCE_f1.2_b0.5_m2.0_p0.3_s3,FULL,1.2,0.5,2.0,0.3,3,,1,1382,GRAV_FRAG,0.085,,True,False
13,RCE_f1.2_b0.5_m2.0_p0.5_s1,FULL,1.2,0.5,2.0,0.5,1,,1,1112,GRAV_FRAG,0.085,,True,False
14,RCE_f1.2_b0.5_m3.0_p0.0_s2,FULL,1.2,0.5,3.0,0.0,2,,1,331,DT_COLLAPSE,0.075,,True,False
15,RCE_f1.2_b0.5_m3.0_p0.1_s2,FULL,1.2,0.5,3.0,0.1,2,,1,331,DT_COLLAPSE,0.075,,True,False
16,RCE_f1.2_b0.5_m3.0_p0.3_s1,FULL,1.2,0.5,3.0,0.3,1,,1,241,DT_COLLAPSE,0.075,,True,False
17,RCE_f1.2_b0.5_m3.0_p0.3_s2,FULL,1.2,0.5,3.0,0.3,2,,1,331,DT_COLLAPSE,0.075,,True,False
18,RCE_f1.2_b0.5_m3.0_p0.5_s1,FULL,1.2,0.5,3.0,0.5,1,,1,271,DT_COLLAPSE,0.075,,True,False
19,RCE_f1.2_b0.5_m3.0_p0.5_s2,FULL,1.2,0.5,3.0,0.5,2,,1,331,DT_COLLAPSE,0.075,,True,False
20,RCE_f1.2_b0.5_m2.0_p0.5_s3,FULL,1.2,0.5,2.0,0.5,3,,1,1382,GRAV_FRAG,0.085,,True,False
21,RCE_f1.2_b0.5_m3.0_p0.0_s3,FULL,1.2,0.5,3.0,0.0,3,,1,1863,GRAV_FRAG,0.08,,True,False
22,RCE_f1.2_b0.5_m3.0_p0.1_s3,FULL,1.2,0.5,3.0,0.1,3,,1,1833,GRAV_FRAG,0.08,,True,False
23,RCE_f1.2_b0.5_m3.0_p0.3_s3,FULL,1.2,0.5,3.0,0.3,3,,1,1802,GRAV_FRAG,0.08,,True,False
24,RCE_f1.2_b1.0_m2.0_p0.0_s1,FULL,1.2,1.0,2.0,0.0,1,,1,1502,GRAV_FRAG,0.085,,True,False
25,RCE_f1.2_b0.5_m3.0_p0.5_s3,FULL,1.2,0.5,3.0,0.5,3,,1,1863,GRAV_FRAG,0.08,,True,False
26,RCE_f1.2_b1.0_m2.0_p0.0_s2,FULL,1.2,1.0,2.0,0.0,2,,1,1682,GRAV_FRAG,0.085,,True,False
27,RCE_f1.2_b1.0_m2.0_p0.0_s3,FULL,1.2,1.0,2.0,0.0,3,,1,1712,GRAV_FRAG,0.085,,True,False
28,RCE_f1.2_b1.0_m2.0_p0.1_s1,FULL,1.2,1.0,2.0,0.1,1,,1,1502,GRAV_FRAG,0.085,,True,False
29,RCE_f1.2_b1.0_m2.0_p0.3_s1,FULL,1.2,1.0,2.0,0.3,1,,1,1502,GRAV_FRAG,0.085,,True,False
30,RCE_f1.2_b1.0_m2.0_p0.1_s2,FULL,1.2,1.0,2.0,0.1,2,,1,1682,GRAV_FRAG,0.085,,True,False
31,RCE_f1.2_b1.0_m2.0_p0.1_s3,FULL,1.2,1.0,2.0,0.1,3,,1,1712,GRAV_FRAG,0.085,,True,False
32,RCE_f1.2_b1.0_m3.0_p0.0_s2,FULL,1.2,1.0,3.0,0.0,2,,1,211,DT_COLLAPSE,0.075,,True,False
33,RCE_f1.2_b1.0_m2.0_p0.3_s2,FULL,1.2,1.0,2.0,0.3,2,,1,1682,GRAV_FRAG,0.085,,True,False
34,RCE_f1.2_b1.0_m2.0_p0.3_s3,FULL,1.2,1.0,2.0,0.3,3,,1,1742,GRAV_FRAG,0.085,,True,False
35,RCE_f1.2_b1.0_m2.0_p0.5_s1,FULL,1.2,1.0,2.0,0.5,1,,1,1472,GRAV_FRAG,0.085,,True,False
36,RCE_f1.2_b1.0_m3.0_p0.1_s2,FULL,1.2,1.0,3.0,0.1,2,,1,211,DT_COLLAPSE,0.075,,True,False
37,RCE_f1.2_b1.0_m3.0_p0.0_s3,FULL,1.2,1.0,3.0,0.0,3,,1,511,DT_COLLAPSE,0.075,,True,False
38,RCE_f1.2_b1.0_m3.0_p0.3_s2,FULL,1.2,1.0,3.0,0.3,2,,1,211,DT_COLLAPSE,0.075,,True,False
39,RCE_f1.2_b1.0_m3.0_p0.1_s3,FULL,1.2,1.0,3.0,0.1,3,,1,511,DT_COLLAPSE,0.075,,True,False
40,RCE_f1.2_b1.0_m2.0_p0.5_s2,FULL,1.2,1.0,2.0,0.5,2,,1,1652,GRAV_FRAG,0.085,,True,False
41,RCE_f1.2_b1.0_m3.0_p0.5_s2,FULL,1.2,1.0,3.0,0.5,2,,1,211,DT_COLLAPSE,0.075,,True,False
42,RCE_f1.2_b1.0_m3.0_p0.3_s3,FULL,1.2,1.0,3.0,0.3,3,,1,511,DT_COLLAPSE,0.075,,True,False
43,RCE_f1.2_b1.0_m2.0_p0.5_s3,FULL,1.2,1.0,2.0,0.5,3,,1,1712,GRAV_FRAG,0.085,,True,False
44,RCE_f1.2_b1.0_m3.0_p0.0_s1,FULL,1.2,1.0,3.0,0.0,1,,1,1742,GRAV_FRAG,0.08,,True,False
45,RCE_f1.2_b1.0_m3.0_p0.5_s3,FULL,1.2,1.0,3.0,0.5,3,,1,511,DT_COLLAPSE,0.075,,True,False
46,RCE_f1.2_b1.0_m3.0_p0.1_s1,FULL,1.2,1.0,3.0,0.1,1,,1,1712,GRAV_FRAG,0.08,,True,False
47,RCE_f1.2_b1.0_m3.0_p0.3_s1,FULL,1.2,1.0,3.0,0.3,1,,1,1712,GRAV_FRAG,0.08,,True,False
48,RCE_f1.2_b1.0_m3.0_p0.5_s1,FULL,1.2,1.0,3.0,0.5,1,,1,1742,GRAV_FRAG,0.08,,True,False
49,RCE_f1.2_b2.0_m2.0_p0.0_s1,TIMEOUT,1.2,2.0,2.0,0.0,1,,1,7206,TIMEOUT,,,False,True
50,RCE_f1.2_b2.0_m2.0_p0.0_s2,TIMEOUT,1.2,2.0,2.0,0.0,2,,1,7206,TIMEOUT,,,False,True
51,RCE_f1.2_b2.0_m2.0_p0.0_s3,TIMEOUT,1.2,2.0,2.0,0.0,3,,1,7206,TIMEOUT,,,False,True
52,RCE_f1.2_b2.0_m2.0_p0.1_s1,TIMEOUT,1.2,2.0,2.0,0.1,1,,1,7206,TIMEOUT,,,False,True
53,RCE_f1.2_b2.0_m2.0_p0.1_s2,TIMEOUT,1.2,2.0,2.0,0.1,2,,1,7206,TIMEOUT,,,False,True
54,RCE_f1.2_b2.0_m2.0_p0.1_s3,TIMEOUT,1.2,2.0,2.0,0.1,3,,1,7206,TIMEOUT,,,False,True
55,RCE_f1.2_b2.0_m2.0_p0.3_s1,TIMEOUT,1.2,2.0,2.0,0.3,1,,1,7206,TIMEOUT,,,False,True
56,RCE_f1.2_b2.0_m2.0_p0.3_s2,TIMEOUT,1.2,2.0,2.0,0.3,2,,1,7206,TIMEOUT,,,False,True
57,RCE_f1.2_b2.0_m2.0_p0.3_s3,TIMEOUT,1.2,2.0,2.0,0.3,3,,1,7206,TIMEOUT,,,False,True
58,RCE_f1.2_b2.0_m2.0_p0.5_s1,TIMEOUT,1.2,2.0,2.0,0.5,1,,1,7206,TIMEOUT,,,False,True
59,RCE_f1.2_b2.0_m2.0_p0.5_s2,TIMEOUT,1.2,2.0,2.0,0.5,2,,1,7206,TIMEOUT,,,False,True
60,RCE_f1.2_b2.0_m2.0_p0.5_s3,TIMEOUT,1.2,2.0,2.0,0.5,3,,1,7206,TIMEOUT,,,False,True
61,RCE_f1.2_b2.0_m3.0_p0.0_s1,TIMEOUT,1.2,2.0,3.0,0.0,1,,1,7206,TIMEOUT,,,False,True
62,RCE_f1.2_b2.0_m3.0_p0.0_s2,TIMEOUT,1.2,2.0,3.0,0.0,2,,1,7206,TIMEOUT,,,False,True
63,RCE_f1.2_b2.0_m3.0_p0.0_s3,TIMEOUT,1.2,2.0,3.0,0.0,3,,1,7206,TIMEOUT,,,False,True
64,RCE_f1.2_b2.0_m3.0_p0.1_s1,TIMEOUT,1.2,2.0,3.0,0.1,1,,1,7206,TIMEOUT,,,False,True
65,RCE_f1.2_b2.0_m3.0_p0.1_s2,TIMEOUT,1.2,2.0,3.0,0.1,2,,1,7206,TIMEOUT,,,False,True
66,RCE_f1.2_b2.0_m3.0_p0.1_s3,TIMEOUT,1.2,2.0,3.0,0.1,3,,1,7206,TIMEOUT,,,False,True
67,RCE_f1.2_b2.0_m3.0_p0.3_s1,TIMEOUT,1.2,2.0,3.0,0.3,1,,1,7206,TIMEOUT,,,False,True
68,RCE_f1.3_b0.5_m2.0_p0.0_s2,FULL,1.3,0.5,2.0,0.0,2,,1,241,DT_COLLAPSE,0.08,,True,False
69,RCE_f1.2_b2.0_m3.0_p0.3_s2,TIMEOUT,1.2,2.0,3.0,0.3,2,,1,7206,TIMEOUT,,,False,True
70,RCE_f1.2_b2.0_m3.0_p0.3_s3,TIMEOUT,1.2,2.0,3.0,0.3,3,,1,7206,TIMEOUT,,,False,True
71,RCE_f1.3_b0.5_m2.0_p0.1_s2,FULL,1.3,0.5,2.0,0.1,2,,1,241,DT_COLLAPSE,0.08,,True,False
72,RCE_f1.3_b0.5_m2.0_p0.0_s1,FULL,1.3,0.5,2.0,0.0,1,,1,1082,GRAV_FRAG,0.085,,True,False
73,RCE_f1.3_b0.5_m2.0_p0.1_s1,FULL,1.3,0.5,2.0,0.1,1,,1,1082,GRAV_FRAG,0.085,,True,False
74,RCE_f1.3_b0.5_m2.0_p0.0_s3,FULL,1.3,0.5,2.0,0.0,3,,1,1382,GRAV_FRAG,0.085,,True,False
75,RCE_f1.3_b0.5_m2.0_p0.3_s2,FULL,1.3,0.5,2.0,0.3,2,,1,241,DT_COLLAPSE,0.08,,True,False
76,RCE_f1.3_b0.5_m2.0_p0.3_s1,FULL,1.3,0.5,2.0,0.3,1,,1,1082,GRAV_FRAG,0.085,,True,False
77,RCE_f1.3_b0.5_m2.0_p0.5_s2,FULL,1.3,0.5,2.0,0.5,2,,1,241,DT_COLLAPSE,0.08,,True,False
78,RCE_f1.3_b0.5_m2.0_p0.1_s3,FULL,1.3,0.5,2.0,0.1,3,,1,1382,GRAV_FRAG,0.085,,True,False
79,RCE_f1.3_b0.5_m3.0_p0.0_s1,FULL,1.3,0.5,3.0,0.0,1,,1,271,DT_COLLAPSE,0.075,,True,False
80,RCE_f1.3_b0.5_m2.0_p0.5_s1,FULL,1.3,0.5,2.0,0.5,1,,1,1082,GRAV_FRAG,0.085,,True,False
81,RCE_f1.3_b0.5_m3.0_p0.0_s2,FULL,1.3,0.5,3.0,0.0,2,,1,331,DT_COLLAPSE,0.075,,True,False
82,RCE_f1.3_b0.5_m2.0_p0.3_s3,FULL,1.3,0.5,2.0,0.3,3,,1,1352,GRAV_FRAG,0.085,,True,False
83,RCE_f1.3_b0.5_m3.0_p0.0_s3,FULL,1.3,0.5,3.0,0.0,3,,1,361,DT_COLLAPSE,0.075,,True,False
84,RCE_f1.3_b0.5_m3.0_p0.1_s1,FULL,1.3,0.5,3.0,0.1,1,,1,271,DT_COLLAPSE,0.075,,True,False
85,RCE_f1.3_b0.5_m3.0_p0.1_s2,FULL,1.3,0.5,3.0,0.1,2,,1,331,DT_COLLAPSE,0.075,,True,False
86,RCE_f1.3_b0.5_m3.0_p0.3_s1,FULL,1.3,0.5,3.0,0.3,1,,1,271,DT_COLLAPSE,0.075,,True,False
87,RCE_f1.3_b0.5_m3.0_p0.1_s3,FULL,1.3,0.5,3.0,0.1,3,,1,361,DT_COLLAPSE,0.075,,True,False
88,RCE_f1.3_b0.5_m3.0_p0.3_s2,FULL,1.3,0.5,3.0,0.3,2,,1,331,DT_COLLAPSE,0.075,,True,False
89,RCE_f1.3_b0.5_m2.0_p0.5_s3,FULL,1.3,0.5,2.0,0.5,3,,1,1382,GRAV_FRAG,0.085,,True,False
90,RCE_f1.3_b0.5_m3.0_p0.5_s1,FULL,1.3,0.5,3.0,0.5,1,,1,271,DT_COLLAPSE,0.075,,True,False
91,RCE_f1.3_b0.5_m3.0_p0.3_s3,FULL,1.3,0.5,3.0,0.3,3,,1,391,DT_COLLAPSE,0.075,,True,False
92,RCE_f1.3_b0.5_m3.0_p0.5_s2,FULL,1.3,0.5,3.0,0.5,2,,1,331,DT_COLLAPSE,0.075,,True,False
93,RCE_f1.3_b0.5_m3.0_p0.5_s3,FULL,1.3,0.5,3.0,0.5,3,,1,361,DT_COLLAPSE,0.075,,True,False
94,RCE_f1.3_b1.0_m2.0_p0.0_s1,FULL,1.3,1.0,2.0,0.0,1,,1,1472,GRAV_FRAG,0.085,,True,False
95,RCE_f1.3_b1.0_m2.0_p0.1_s1,FULL,1.3,1.0,2.0,0.1,1,,1,1472,GRAV_FRAG,0.085,,True,False
96,RCE_f1.3_b1.0_m2.0_p0.0_s2,FULL,1.3,1.0,2.0,0.0,2,,1,1652,GRAV_FRAG,0.085,,True,False
97,RCE_f1.3_b1.0_m2.0_p0.0_s3,FULL,1.3,1.0,2.0,0.0,3,,1,1712,GRAV_FRAG,0.085,,True,False
98,RCE_f1.2_b2.0_m3.0_p0.5_s1,TIMEOUT,1.2,2.0,3.0,0.5,1,,1,7206,TIMEOUT,,,False,True
99,RCE_f1.2_b2.0_m3.0_p0.5_s2,TIMEOUT,1.2,2.0,3.0,0.5,2,,1,7206,TIMEOUT,,,False,True
100,RCE_f1.3_b1.0_m2.0_p0.1_s2,FULL,1.3,1.0,2.0,0.1,2,,1,1622,GRAV_FRAG,0.085,,True,False
101,RCE_f1.2_b2.0_m3.0_p0.5_s3,TIMEOUT,1.2,2.0,3.0,0.5,3,,1,7206,TIMEOUT,,,False,True
102,RCE_f1.3_b1.0_m2.0_p0.3_s1,FULL,1.3,1.0,2.0,0.3,1,,1,1472,GRAV_FRAG,0.085,,True,False
103,RCE_f1.3_b1.0_m2.0_p0.1_s3,FULL,1.3,1.0,2.0,0.1,3,,1,1712,GRAV_FRAG,0.085,,True,False
104,RCE_f1.3_b1.0_m2.0_p0.3_s2,FULL,1.3,1.0,2.0,0.3,2,,1,1682,GRAV_FRAG,0.085,,True,False
105,RCE_f1.3_b1.0_m3.0_p0.0_s2,FULL,1.3,1.0,3.0,0.0,2,,1,241,DT_COLLAPSE,0.075,,True,False
106,RCE_f1.3_b1.0_m2.0_p0.5_s1,FULL,1.3,1.0,2.0,0.5,1,,1,1472,GRAV_FRAG,0.085,,True,False
107,RCE_f1.3_b1.0_m2.0_p0.3_s3,FULL,1.3,1.0,2.0,0.3,3,,1,1742,GRAV_FRAG,0.085,,True,False
108,RCE_f1.3_b1.0_m3.0_p0.1_s2,FULL,1.3,1.0,3.0,0.1,2,,1,241,DT_COLLAPSE,0.075,,True,False
109,RCE_f1.3_b1.0_m2.0_p0.5_s2,FULL,1.3,1.0,2.0,0.5,2,,1,1682,GRAV_FRAG,0.085,,True,False
110,RCE_f1.3_b1.0_m2.0_p0.5_s3,FULL,1.3,1.0,2.0,0.5,3,,1,1712,GRAV_FRAG,0.085,,True,False
111,RCE_f1.3_b1.0_m3.0_p0.0_s1,FULL,1.3,1.0,3.0,0.0,1,,1,1742,GRAV_FRAG,0.08,,True,False
112,RCE_f1.3_b1.0_m3.0_p0.3_s2,FULL,1.3,1.0,3.0,0.3,2,,1,241,DT_COLLAPSE,0.075,,True,False
113,RCE_f1.3_b1.0_m3.0_p0.5_s2,FULL,1.3,1.0,3.0,0.5,2,,1,241,DT_COLLAPSE,0.075,,True,False
114,RCE_f1.3_b1.0_m3.0_p0.1_s1,FULL,1.3,1.0,3.0,0.1,1,,1,1712,GRAV_FRAG,0.08,,True,False
115,RCE_f1.3_b1.0_m3.0_p0.0_s3,FULL,1.3,1.0,3.0,0.0,3,,1,2343,GRAV_FRAG,0.08,,True,False
116,RCE_f1.3_b1.0_m3.0_p0.3_s1,FULL,1.3,1.0,3.0,0.3,1,,1,1743,GRAV_FRAG,0.08,,True,False
117,RCE_f1.3_b1.0_m3.0_p0.5_s1,FULL,1.3,1.0,3.0,0.5,1,,1,1712,GRAV_FRAG,0.08,,True,False
118,RCE_f1.3_b1.0_m3.0_p0.1_s3,FULL,1.3,1.0,3.0,0.1,3,,1,2343,GRAV_FRAG,0.08,,True,False
119,RCE_f1.3_b1.0_m3.0_p0.3_s3,FULL,1.3,1.0,3.0,0.3,3,,1,2433,GRAV_FRAG,0.08,,True,False
120,RCE_f1.3_b1.0_m3.0_p0.5_s3,FULL,1.3,1.0,3.0,0.5,3,,1,2313,GRAV_FRAG,0.08,,True,False
121,RCE_f1.3_b2.0_m2.0_p0.0_s1,TIMEOUT,1.3,2.0,2.0,0.0,1,,1,7206,TIMEOUT,,,False,True
122,RCE_f1.3_b2.0_m2.0_p0.0_s2,TIMEOUT,1.3,2.0,2.0,0.0,2,,1,7206,TIMEOUT,,,False,True
123,RCE_f1.3_b2.0_m2.0_p0.0_s3,TIMEOUT,1.3,2.0,2.0,0.0,3,,1,7206,TIMEOUT,,,False,True
124,RCE_f1.3_b2.0_m2.0_p0.1_s1,TIMEOUT,1.3,2.0,2.0,0.1,1,,1,7206,TIMEOUT,,,False,True
125,RCE_f1.3_b2.0_m2.0_p0.1_s2,TIMEOUT,1.3,2.0,2.0,0.1,2,,1,7206,TIMEOUT,,,False,True
126,RCE_f1.3_b2.0_m2.0_p0.1_s3,TIMEOUT,1.3,2.0,2.0,0.1,3,,1,7206,TIMEOUT,,,False,True
127,RCE_f1.3_b2.0_m2.0_p0.3_s1,TIMEOUT,1.3,2.0,2.0,0.3,1,,1,7206,TIMEOUT,,,False,True
128,RCE_f1.3_b2.0_m2.0_p0.3_s2,TIMEOUT,1.3,2.0,2.0,0.3,2,,1,7206,TIMEOUT,,,False,True
129,RCE_f1.3_b2.0_m2.0_p0.3_s3,TIMEOUT,1.3,2.0,2.0,0.3,3,,1,7206,TIMEOUT,,,False,True
130,RCE_f1.3_b2.0_m2.0_p0.5_s1,TIMEOUT,1.3,2.0,2.0,0.5,1,,1,7206,TIMEOUT,,,False,True
131,RCE_f1.3_b2.0_m2.0_p0.5_s2,TIMEOUT,1.3,2.0,2.0,0.5,2,,1,7206,TIMEOUT,,,False,True
132,RCE_f1.3_b2.0_m2.0_p0.5_s3,TIMEOUT,1.3,2.0,2.0,0.5,3,,1,7206,TIMEOUT,,,False,True
133,RCE_f1.3_b2.0_m3.0_p0.0_s1,TIMEOUT,1.3,2.0,3.0,0.0,1,,1,7206,TIMEOUT,,,False,True
134,RCE_f1.3_b2.0_m3.0_p0.0_s2,TIMEOUT,1.3,2.0,3.0,0.0,2,,1,7206,TIMEOUT,,,False,True
135,RCE_f1.3_b2.0_m3.0_p0.0_s3,TIMEOUT,1.3,2.0,3.0,0.0,3,,1,7206,TIMEOUT,,,False,True
136,RCE_f1.3_b2.0_m3.0_p0.1_s1,TIMEOUT,1.3,2.0,3.0,0.1,1,,1,7206,TIMEOUT,,,False,True
137,RCE_f1.3_b2.0_m3.0_p0.1_s2,TIMEOUT,1.3,2.0,3.0,0.1,2,,1,7206,TIMEOUT,,,False,True
138,RCE_f1.3_b2.0_m3.0_p0.1_s3,TIMEOUT,1.3,2.0,3.0,0.1,3,,1,7206,TIMEOUT,,,False,True
139,RCE_f1.3_b2.0_m3.0_p0.3_s1,TIMEOUT,1.3,2.0,3.0,0.3,1,,1,7206,TIMEOUT,,,False,True
140,RCE_f1.4_b0.5_m2.0_p0.0_s2,FULL,1.4,0.5,2.0,0.0,2,,1,271,DT_COLLAPSE,0.08,,True,False
141,RCE_f1.3_b2.0_m3.0_p0.3_s2,TIMEOUT,1.3,2.0,3.0,0.3,2,,1,7206,TIMEOUT,,,False,True
142,RCE_f1.3_b2.0_m3.0_p0.3_s3,TIMEOUT,1.3,2.0,3.0,0.3,3,,1,7206,TIMEOUT,,,False,True
143,RCE_f1.4_b0.5_m2.0_p0.0_s1,FULL,1.4,0.5,2.0,0.0,1,,1,1142,GRAV_FRAG,0.085,,True,False
144,RCE_f1.4_b0.5_m2.0_p0.1_s2,FULL,1.4,0.5,2.0,0.1,2,,1,271,DT_COLLAPSE,0.08,,True,False
145,RCE_f1.4_b0.5_m2.0_p0.1_s1,FULL,1.4,0.5,2.0,0.1,1,,1,1112,GRAV_FRAG,0.085,,True,False
146,RCE_f1.4_b0.5_m2.0_p0.0_s3,FULL,1.4,0.5,2.0,0.0,3,,1,1382,GRAV_FRAG,0.085,,True,False
147,RCE_f1.4_b0.5_m2.0_p0.3_s2,FULL,1.4,0.5,2.0,0.3,2,,1,241,DT_COLLAPSE,0.08,,True,False
148,RCE_f1.4_b0.5_m2.0_p0.3_s1,FULL,1.4,0.5,2.0,0.3,1,,1,1142,GRAV_FRAG,0.085,,True,False
149,RCE_f1.4_b0.5_m2.0_p0.1_s3,FULL,1.4,0.5,2.0,0.1,3,,1,1352,GRAV_FRAG,0.085,,True,False
150,RCE_f1.4_b0.5_m2.0_p0.5_s2,FULL,1.4,0.5,2.0,0.5,2,,1,241,DT_COLLAPSE,0.08,,True,False
151,RCE_f1.4_b0.5_m2.0_p0.5_s1,FULL,1.4,0.5,2.0,0.5,1,,1,1082,GRAV_FRAG,0.085,,True,False
152,RCE_f1.4_b0.5_m2.0_p0.3_s3,FULL,1.4,0.5,2.0,0.3,3,,1,1382,GRAV_FRAG,0.085,,True,False
153,RCE_f1.4_b0.5_m3.0_p0.0_s2,FULL,1.4,0.5,3.0,0.0,2,,1,331,DT_COLLAPSE,0.075,,True,False
154,RCE_f1.4_b0.5_m3.0_p0.0_s3,FULL,1.4,0.5,3.0,0.0,3,,1,391,DT_COLLAPSE,0.075,,True,False
155,RCE_f1.4_b0.5_m3.0_p0.0_s1,FULL,1.4,0.5,3.0,0.0,1,,1,1232,GRAV_FRAG,0.08,,True,False
156,RCE_f1.4_b0.5_m2.0_p0.5_s3,FULL,1.4,0.5,2.0,0.5,3,,1,1352,GRAV_FRAG,0.085,,True,False
157,RCE_f1.4_b0.5_m3.0_p0.1_s2,FULL,1.4,0.5,3.0,0.1,2,,1,331,DT_COLLAPSE,0.075,,True,False
158,RCE_f1.4_b0.5_m3.0_p0.1_s3,FULL,1.4,0.5,3.0,0.1,3,,1,391,DT_COLLAPSE,0.075,,True,False
159,RCE_f1.4_b0.5_m3.0_p0.3_s2,FULL,1.4,0.5,3.0,0.3,2,,1,361,DT_COLLAPSE,0.075,,True,False
160,RCE_f1.4_b0.5_m3.0_p0.3_s3,FULL,1.4,0.5,3.0,0.3,3,,1,391,DT_COLLAPSE,0.075,,True,False
161,RCE_f1.4_b0.5_m3.0_p0.1_s1,FULL,1.4,0.5,3.0,0.1,1,,1,1262,GRAV_FRAG,0.08,,True,False
162,RCE_f1.4_b0.5_m3.0_p0.5_s2,FULL,1.4,0.5,3.0,0.5,2,,1,361,DT_COLLAPSE,0.075,,True,False
163,RCE_f1.4_b0.5_m3.0_p0.5_s3,FULL,1.4,0.5,3.0,0.5,3,,1,391,DT_COLLAPSE,0.075,,True,False
164,RCE_f1.4_b0.5_m3.0_p0.3_s1,FULL,1.4,0.5,3.0,0.3,1,,1,1262,GRAV_FRAG,0.08,,True,False
165,RCE_f1.4_b0.5_m3.0_p0.5_s1,FULL,1.4,0.5,3.0,0.5,1,,1,1292,GRAV_FRAG,0.08,,True,False
166,RCE_f1.3_b2.0_m3.0_p0.5_s1,TIMEOUT,1.3,2.0,3.0,0.5,1,,1,7206,TIMEOUT,,,False,True
167,RCE_f1.4_b1.0_m2.0_p0.0_s1,FULL,1.4,1.0,2.0,0.0,1,,1,1472,GRAV_FRAG,0.085,,True,False
168,RCE_f1.3_b2.0_m3.0_p0.5_s2,TIMEOUT,1.3,2.0,3.0,0.5,2,,1,7206,TIMEOUT,,,False,True
169,RCE_f1.4_b1.0_m2.0_p0.0_s2,FULL,1.4,1.0,2.0,0.0,2,,1,1682,GRAV_FRAG,0.085,,True,False
170,RCE_f1.4_b1.0_m2.0_p0.0_s3,FULL,1.4,1.0,2.0,0.0,3,11.4062,2,1712,GRAV_FRAG,0.085,,True,False
171,RCE_f1.3_b2.0_m3.0_p0.5_s3,TIMEOUT,1.3,2.0,3.0,0.5,3,,1,7206,TIMEOUT,,,False,True
172,RCE_f1.4_b1.0_m2.0_p0.1_s1,FULL,1.4,1.0,2.0,0.1,1,,1,1442,GRAV_FRAG,0.085,,True,False
173,RCE_f1.4_b1.0_m2.0_p0.1_s2,FULL,1.4,1.0,2.0,0.1,2,,1,1652,GRAV_FRAG,0.085,,True,False
174,RCE_f1.4_b1.0_m2.0_p0.3_s1,FULL,1.4,1.0,2.0,0.3,1,,1,1442,GRAV_FRAG,0.085,,True,False
175,RCE_f1.4_b1.0_m2.0_p0.1_s3,FULL,1.4,1.0,2.0,0.1,3,11.4062,2,1712,GRAV_FRAG,0.085,,True,False
176,RCE_f1.4_b1.0_m2.0_p0.3_s2,FULL,1.4,1.0,2.0,0.3,2,,1,1652,GRAV_FRAG,0.085,,True,False
177,RCE_f1.4_b1.0_m3.0_p0.0_s2,FULL,1.4,1.0,3.0,0.0,2,,1,271,DT_COLLAPSE,0.075,,True,False
178,RCE_f1.4_b1.0_m2.0_p0.5_s1,FULL,1.4,1.0,2.0,0.5,1,,1,1472,GRAV_FRAG,0.085,,True,False
179,RCE_f1.4_b1.0_m2.0_p0.3_s3,FULL,1.4,1.0,2.0,0.3,3,11.4062,2,1742,GRAV_FRAG,0.085,,True,False
180,RCE_f1.4_b1.0_m3.0_p0.1_s2,FULL,1.4,1.0,3.0,0.1,2,,1,271,DT_COLLAPSE,0.075,,True,False
181,RCE_f1.4_b1.0_m2.0_p0.5_s2,FULL,1.4,1.0,2.0,0.5,2,,1,1652,GRAV_FRAG,0.085,,True,False
182,RCE_f1.4_b1.0_m3.0_p0.0_s3,FULL,1.4,1.0,3.0,0.0,3,,1,571,DT_COLLAPSE,0.075,,True,False
183,RCE_f1.4_b1.0_m3.0_p0.3_s2,FULL,1.4,1.0,3.0,0.3,2,,1,271,DT_COLLAPSE,0.075,,True,False
184,RCE_f1.4_b1.0_m3.0_p0.1_s3,FULL,1.4,1.0,3.0,0.1,3,,1,571,DT_COLLAPSE,0.075,,True,False
185,RCE_f1.4_b1.0_m2.0_p0.5_s3,FULL,1.4,1.0,2.0,0.5,3,11.4062,2,1773,GRAV_FRAG,0.085,,True,False
186,RCE_f1.4_b1.0_m3.0_p0.5_s2,FULL,1.4,1.0,3.0,0.5,2,,1,271,DT_COLLAPSE,0.075,,True,False
187,RCE_f1.4_b1.0_m3.0_p0.3_s3,FULL,1.4,1.0,3.0,0.3,3,,1,571,DT_COLLAPSE,0.075,,True,False
188,RCE_f1.4_b1.0_m3.0_p0.0_s1,FULL,1.4,1.0,3.0,0.0,1,,1,1742,GRAV_FRAG,0.08,,True,False
189,RCE_f1.4_b1.0_m3.0_p0.5_s3,FULL,1.4,1.0,3.0,0.5,3,,1,571,DT_COLLAPSE,0.075,,True,False
190,RCE_f1.4_b1.0_m3.0_p0.1_s1,FULL,1.4,1.0,3.0,0.1,1,,1,1742,GRAV_FRAG,0.08,,True,False
191,RCE_f1.4_b1.0_m3.0_p0.3_s1,FULL,1.4,1.0,3.0,0.3,1,,1,1712,GRAV_FRAG,0.08,,True,False
192,RCE_f1.4_b1.0_m3.0_p0.5_s1,FULL,1.4,1.0,3.0,0.5,1,,1,1742,GRAV_FRAG,0.08,,True,False
193,RCE_f1.4_b2.0_m2.0_p0.0_s1,TIMEOUT,1.4,2.0,2.0,0.0,1,,1,7206,TIMEOUT,,,False,True
194,RCE_f1.4_b2.0_m2.0_p0.0_s2,TIMEOUT,1.4,2.0,2.0,0.0,2,,1,7206,TIMEOUT,,,False,True
195,RCE_f1.4_b2.0_m2.0_p0.0_s3,TIMEOUT,1.4,2.0,2.0,0.0,3,11.4062,2,7206,TIMEOUT,,,False,True
196,RCE_f1.4_b2.0_m2.0_p0.1_s1,TIMEOUT,1.4,2.0,2.0,0.1,1,,1,7206,TIMEOUT,,,False,True
197,RCE_f1.4_b2.0_m2.0_p0.1_s2,TIMEOUT,1.4,2.0,2.0,0.1,2,,1,7206,TIMEOUT,,,False,True
198,RCE_f1.4_b2.0_m2.0_p0.1_s3,TIMEOUT,1.4,2.0,2.0,0.1,3,11.4062,2,7206,TIMEOUT,,,False,True
199,RCE_f1.4_b2.0_m2.0_p0.3_s1,TIMEOUT,1.4,2.0,2.0,0.3,1,,1,7206,TIMEOUT,,,False,True
200,RCE_f1.4_b2.0_m2.0_p0.3_s2,TIMEOUT,1.4,2.0,2.0,0.3,2,,1,7206,TIMEOUT,,,False,True
201,RCE_f1.4_b2.0_m2.0_p0.3_s3,TIMEOUT,1.4,2.0,2.0,0.3,3,11.4062,2,7206,TIMEOUT,,,False,True
202,RCE_f1.4_b2.0_m2.0_p0.5_s1,TIMEOUT,1.4,2.0,2.0,0.5,1,,1,7206,TIMEOUT,,,False,True
203,RCE_f1.4_b2.0_m2.0_p0.5_s2,TIMEOUT,1.4,2.0,2.0,0.5,2,,1,7206,TIMEOUT,,,False,True
204,RCE_f1.4_b2.0_m2.0_p0.5_s3,TIMEOUT,1.4,2.0,2.0,0.5,3,11.4062,2,7206,TIMEOUT,,,False,True
205,RCE_f1.4_b2.0_m3.0_p0.0_s1,TIMEOUT,1.4,2.0,3.0,0.0,1,,1,7206,TIMEOUT,,,False,True
206,RCE_f1.4_b2.0_m3.0_p0.0_s2,TIMEOUT,1.4,2.0,3.0,0.0,2,,1,7206,TIMEOUT,,,False,True
207,RCE_f1.4_b2.0_m3.0_p0.0_s3,TIMEOUT,1.4,2.0,3.0,0.0,3,,1,7206,TIMEOUT,,,False,True
208,RCE_f1.4_b2.0_m3.0_p0.1_s1,TIMEOUT,1.4,2.0,3.0,0.1,1,,1,7206,TIMEOUT,,,False,True
209,RCE_f1.4_b2.0_m3.0_p0.1_s2,TIMEOUT,1.4,2.0,3.0,0.1,2,,1,7206,TIMEOUT,,,False,True
210,RCE_f1.4_b2.0_m3.0_p0.1_s3,TIMEOUT,1.4,2.0,3.0,0.1,3,,1,7206,TIMEOUT,,,False,True
211,RCE_f1.4_b2.0_m3.0_p0.3_s1,TIMEOUT,1.4,2.0,3.0,0.3,1,,1,7206,TIMEOUT,,,False,True
212,RCE_f1.5_b0.5_m2.0_p0.0_s2,FULL,1.5,0.5,2.0,0.0,2,,1,241,DT_COLLAPSE,0.08,,True,False
213,RCE_f1.4_b2.0_m3.0_p0.3_s2,TIMEOUT,1.4,2.0,3.0,0.3,2,,1,7206,TIMEOUT,,,False,True
214,RCE_f1.4_b2.0_m3.0_p0.3_s3,TIMEOUT,1.4,2.0,3.0,0.3,3,,1,7206,TIMEOUT,,,False,True
215,RCE_f1.5_b0.5_m2.0_p0.0_s1,FULL,1.5,0.5,2.0,0.0,1,,1,1052,GRAV_FRAG,0.085,,True,False
216,RCE_f1.5_b0.5_m2.0_p0.1_s2,FULL,1.5,0.5,2.0,0.1,2,,1,241,DT_COLLAPSE,0.08,,True,False
217,RCE_f1.5_b0.5_m2.0_p0.1_s1,FULL,1.5,0.5,2.0,0.1,1,,1,1082,GRAV_FRAG,0.085,,True,False
218,RCE_f1.5_b0.5_m2.0_p0.0_s3,FULL,1.5,0.5,2.0,0.0,3,,1,1322,GRAV_FRAG,0.085,,True,False
219,RCE_f1.5_b0.5_m2.0_p0.3_s2,FULL,1.5,0.5,2.0,0.3,2,,1,241,DT_COLLAPSE,0.08,,True,False
220,RCE_f1.5_b0.5_m2.0_p0.3_s1,FULL,1.5,0.5,2.0,0.3,1,,1,1082,GRAV_FRAG,0.085,,True,False
221,RCE_f1.5_b0.5_m2.0_p0.1_s3,FULL,1.5,0.5,2.0,0.1,3,,1,1352,GRAV_FRAG,0.085,,True,False
222,RCE_f1.5_b0.5_m2.0_p0.5_s2,FULL,1.5,0.5,2.0,0.5,2,,1,241,DT_COLLAPSE,0.08,,True,False
223,RCE_f1.5_b0.5_m2.0_p0.5_s1,FULL,1.5,0.5,2.0,0.5,1,,1,1082,GRAV_FRAG,0.085,,True,False
224,RCE_f1.5_b0.5_m2.0_p0.3_s3,FULL,1.5,0.5,2.0,0.3,3,,1,1322,GRAV_FRAG,0.085,,True,False
225,RCE_f1.5_b0.5_m3.0_p0.0_s1,FULL,1.5,0.5,3.0,0.0,1,,1,1232,GRAV_FRAG,0.08,,True,False
226,RCE_f1.5_b0.5_m2.0_p0.5_s3,FULL,1.5,0.5,2.0,0.5,3,,1,1382,GRAV_FRAG,0.085,,True,False
227,RCE_f1.5_b0.5_m3.0_p0.0_s2,FULL,1.5,0.5,3.0,0.0,2,,1,1592,GRAV_FRAG,0.08,,True,False
228,RCE_f1.5_b0.5_m3.0_p0.1_s1,FULL,1.5,0.5,3.0,0.1,1,,1,1262,GRAV_FRAG,0.08,,True,False
229,RCE_f1.5_b0.5_m3.0_p0.0_s3,FULL,1.5,0.5,3.0,0.0,3,,1,1923,GRAV_FRAG,0.08,,True,False
230,RCE_f1.5_b0.5_m3.0_p0.1_s2,FULL,1.5,0.5,3.0,0.1,2,,1,1592,GRAV_FRAG,0.08,,True,False
231,RCE_f1.5_b0.5_m3.0_p0.3_s1,FULL,1.5,0.5,3.0,0.3,1,,1,1262,GRAV_FRAG,0.08,,True,False
232,RCE_f1.5_b0.5_m3.0_p0.1_s3,FULL,1.5,0.5,3.0,0.1,3,,1,1893,GRAV_FRAG,0.08,,True,False
233,RCE_f1.5_b0.5_m3.0_p0.3_s2,FULL,1.5,0.5,3.0,0.3,2,,1,1592,GRAV_FRAG,0.08,,True,False
234,RCE_f1.4_b2.0_m3.0_p0.5_s1,TIMEOUT,1.4,2.0,3.0,0.5,1,,1,7206,TIMEOUT,,,False,True
235,RCE_f1.4_b2.0_m3.0_p0.5_s2,TIMEOUT,1.4,2.0,3.0,0.5,2,,1,7206,TIMEOUT,,,False,True
236,RCE_f1.4_b2.0_m3.0_p0.5_s3,TIMEOUT,1.4,2.0,3.0,0.5,3,,1,7206,TIMEOUT,,,False,True
237,RCE_f1.5_b0.5_m3.0_p0.3_s3,FULL,1.5,0.5,3.0,0.3,3,,1,1893,GRAV_FRAG,0.08,,True,False
238,RCE_f1.5_b0.5_m3.0_p0.5_s1,FULL,1.5,0.5,3.0,0.5,1,,1,1232,GRAV_FRAG,0.08,,True,False
239,RCE_f1.5_b0.5_m3.0_p0.5_s2,FULL,1.5,0.5,3.0,0.5,2,,1,1592,GRAV_FRAG,0.08,,True,False
240,RCE_f1.5_b1.0_m2.0_p0.0_s1,FULL,1.5,1.0,2.0,0.0,1,,1,1442,GRAV_FRAG,0.085,,True,False
241,RCE_f1.5_b1.0_m2.0_p0.0_s2,FULL,1.5,1.0,2.0,0.0,2,,1,1622,GRAV_FRAG,0.085,,True,False
242,RCE_f1.5_b0.5_m3.0_p0.5_s3,FULL,1.5,0.5,3.0,0.5,3,,1,1893,GRAV_FRAG,0.08,,True,False
243,RCE_f1.5_b1.0_m2.0_p0.0_s3,FULL,1.5,1.0,2.0,0.0,3,11.4062,2,1712,GRAV_FRAG,0.085,,True,False
244,RCE_f1.5_b1.0_m2.0_p0.1_s1,FULL,1.5,1.0,2.0,0.1,1,,1,1442,GRAV_FRAG,0.085,,True,False
245,RCE_f1.5_b1.0_m2.0_p0.1_s2,FULL,1.5,1.0,2.0,0.1,2,,1,1622,GRAV_FRAG,0.085,,True,False
246,RCE_f1.5_b1.0_m2.0_p0.3_s1,FULL,1.5,1.0,2.0,0.3,1,,1,1442,GRAV_FRAG,0.085,,True,False
247,RCE_f1.5_b1.0_m2.0_p0.1_s3,FULL,1.5,1.0,2.0,0.1,3,11.4062,2,1712,GRAV_FRAG,0.085,,True,False
248,RCE_f1.5_b1.0_m3.0_p0.0_s2,FULL,1.5,1.0,3.0,0.0,2,,1,301,DT_COLLAPSE,0.075,,True,False
249,RCE_f1.5_b1.0_m2.0_p0.3_s2,FULL,1.5,1.0,2.0,0.3,2,,1,1622,GRAV_FRAG,0.085,,True,False
250,RCE_f1.5_b1.0_m2.0_p0.5_s1,FULL,1.5,1.0,2.0,0.5,1,,1,1412,GRAV_FRAG,0.085,,True,False
251,RCE_f1.5_b1.0_m2.0_p0.3_s3,FULL,1.5,1.0,2.0,0.3,3,11.4062,2,1682,GRAV_FRAG,0.085,,True,False
252,RCE_f1.5_b1.0_m2.0_p0.5_s2,FULL,1.5,1.0,2.0,0.5,2,,1,1622,GRAV_FRAG,0.085,,True,False
253,RCE_f1.5_b1.0_m3.0_p0.1_s2,FULL,1.5,1.0,3.0,0.1,2,,1,301,DT_COLLAPSE,0.075,,True,False
254,RCE_f1.5_b1.0_m3.0_p0.0_s3,FULL,1.5,1.0,3.0,0.0,3,,1,571,DT_COLLAPSE,0.075,,True,False
255,RCE_f1.5_b1.0_m3.0_p0.3_s2,FULL,1.5,1.0,3.0,0.3,2,,1,301,DT_COLLAPSE,0.075,,True,False
256,RCE_f1.5_b1.0_m3.0_p0.1_s3,FULL,1.5,1.0,3.0,0.1,3,,1,571,DT_COLLAPSE,0.075,,True,False
257,RCE_f1.5_b1.0_m2.0_p0.5_s3,FULL,1.5,1.0,2.0,0.5,3,11.4062,2,1712,GRAV_FRAG,0.085,,True,False
258,RCE_f1.5_b1.0_m3.0_p0.5_s2,FULL,1.5,1.0,3.0,0.5,2,,1,301,DT_COLLAPSE,0.075,,True,False
259,RCE_f1.5_b1.0_m3.0_p0.3_s3,FULL,1.5,1.0,3.0,0.3,3,,1,571,DT_COLLAPSE,0.075,,True,False
260,RCE_f1.5_b1.0_m3.0_p0.0_s1,FULL,1.5,1.0,3.0,0.0,1,,1,1712,GRAV_FRAG,0.08,,True,False
261,RCE_f1.5_b1.0_m3.0_p0.5_s3,FULL,1.5,1.0,3.0,0.5,3,,1,571,DT_COLLAPSE,0.075,,True,False
262,RCE_f1.5_b1.0_m3.0_p0.1_s1,FULL,1.5,1.0,3.0,0.1,1,,1,1742,GRAV_FRAG,0.08,,True,False
263,RCE_f1.5_b1.0_m3.0_p0.3_s1,FULL,1.5,1.0,3.0,0.3,1,,1,1712,GRAV_FRAG,0.08,,True,False
