run_id,f,beta,theta_deg,mach_number,seed,bfield_geometry,outcome,fragmented,morphology,lambda_W,lambda_W_err,t_frag_tJ,beading_window_tJ,n_peaks_max,wall_sec,hgbs_match
TAG_f1p0_b0p3_t0_m1p0_s1,1.0,0.3,0,1.0,1,longitudinal,FRAG_KILL,True,FULL,4.6722,1.4659,1.719,0.1599,6,280.3,False
TAG_f1p0_b0p3_t0_m1p0_s2,1.0,0.3,0,1.0,2,longitudinal,FRAG_KILL,True,FULL,9.185,4.8249,1.6705,0.1593,6,260.3,False
TAG_f1p0_b0p3_t0_m1p0_s3,1.0,0.3,0,1.0,3,longitudinal,FRAG_KILL,True,FULL,9.1974,1.5871,1.6726,0.2089,4,260.3,False
TAG_f1p0_b0p3_t0_m1p0_s4,1.0,0.3,0,1.0,4,longitudinal,FRAG_KILL,True,FULL,6.937,4.7258,1.67,0.1983,6,270.3,False
TAG_f1p0_b0p3_t0_m1p0_s5,1.0,0.3,0,1.0,5,longitudinal,FRAG_KILL,True,FULL,5.2819,1.0554,1.6763,0.16,6,320.3,False
TAG_f1p0_b0p3_t0_m1p5_s1,1.0,0.3,0,1.5,1,longitudinal,FRAG_KILL,True,FULL,4.8904,1.5813,1.6775,0.1793,6,310.4,False
TAG_f1p0_b0p3_t0_m1p5_s2,1.0,0.3,0,1.5,2,longitudinal,FRAG_KILL,True,FULL,10.2604,5.3345,1.6071,0.1501,6,230.3,False
TAG_f1p0_b0p3_t0_m1p5_s3,1.0,0.3,0,1.5,3,longitudinal,FRAG_KILL,True,FULL,8.9299,0.8498,1.6154,0.2094,4,250.3,False
TAG_f1p0_b0p3_t0_m1p5_s4,1.0,0.3,0,1.5,4,longitudinal,FRAG_KILL,True,FULL,6.6667,4.6031,1.6234,0.2188,6,260.3,False
TAG_f1p0_b0p3_t0_m1p5_s5,1.0,0.3,0,1.5,5,longitudinal,FRAG_KILL,True,FULL,5.1425,1.0719,1.631,0.1797,6,330.4,False
TAG_f1p0_b0p3_t0_m2p0_s1,1.0,0.3,0,2.0,1,longitudinal,FRAG_KILL,True,FULL,5.0877,1.9409,1.6325,0.1794,6,280.3,False
TAG_f1p0_b0p3_t0_m2p0_s2,1.0,0.3,0,2.0,2,longitudinal,FRAG_KILL,True,FULL,9.9632,5.2965,1.578,0.1595,6,240.3,False
TAG_f1p0_b0p3_t0_m2p0_s3,1.0,0.3,0,2.0,3,longitudinal,FRAG_KILL,True,FULL,8.9692,1.6671,1.5935,0.2285,4,270.3,False
TAG_f1p0_b0p3_t0_m2p0_s4,1.0,0.3,0,2.0,4,longitudinal,FRAG_KILL,True,FULL,6.9248,4.6399,1.5787,0.22,6,240.3,False
TAG_f1p0_b0p3_t0_m2p0_s5,1.0,0.3,0,2.0,5,longitudinal,FRAG_KILL,True,FULL,5.236,1.3238,1.711,0.3095,6,3644.4,False
TAG_f1p0_b0p3_t0_m2p5_s1,1.0,0.3,0,2.5,1,longitudinal,FRAG_KILL,True,FULL,5.0521,1.919,1.608,0.1798,6,270.3,False
TAG_f1p0_b0p3_t0_m2p5_s2,1.0,0.3,0,2.5,2,longitudinal,FRAG_KILL,True,FULL,8.9873,4.7628,1.5402,0.169,6,230.2,False
TAG_f1p0_b0p3_t0_m2p5_s3,1.0,0.3,0,2.5,3,longitudinal,FRAG_KILL,True,FULL,8.9345,1.6904,1.5633,0.23,4,270.3,False
TAG_f1p0_b0p3_t0_m2p5_s4,1.0,0.3,0,2.5,4,longitudinal,FRAG_KILL,True,FULL,6.5516,4.5543,1.5577,0.2294,6,250.3,False
TAG_f1p0_b0p3_t0_m2p5_s5,1.0,0.3,0,2.5,5,longitudinal,FRAG_KILL,True,FULL,5.2153,1.3603,1.668,0.2893,6,3103.7,False
TAG_f1p0_b0p3_t0_m3p0_s1,1.0,0.3,0,3.0,1,longitudinal,FRAG_KILL,True,FULL,5.0859,1.8904,1.5845,0.1897,6,280.3,False
TAG_f1p0_b0p3_t0_m3p0_s2,1.0,0.3,0,3.0,2,longitudinal,FRAG_KILL,True,FULL,8.5196,4.7428,1.608,0.2493,7,1862.2,False
TAG_f1p0_b0p3_t0_m3p0_s3,1.0,0.3,0,3.0,3,longitudinal,FRAG_KILL,True,FULL,8.9735,1.6696,1.5308,0.2296,4,250.3,False
TAG_f1p0_b0p3_t0_m3p0_s4,1.0,0.3,0,3.0,4,longitudinal,FRAG_KILL,True,FULL,6.6927,4.6356,1.5268,0.2293,6,240.3,False
TAG_f1p0_b0p3_t0_m3p0_s5,1.0,0.3,0,3.0,5,longitudinal,FRAG_KILL,True,FULL,5.3142,1.4421,1.64,0.2996,6,5716.9,False
TAG_f1p0_b0p3_t90_m1p0_s1,1.0,0.3,90,1.0,1,perpendicular,FRAG_KILL,False,RADIAL_ONLY,,,0.585,,0,530.6,False
TAG_f1p0_b0p3_t90_m1p0_s2,1.0,0.3,90,1.0,2,perpendicular,FRAG_KILL,False,RADIAL_ONLY,,,0.5511,,0,370.4,False
TAG_f1p0_b0p3_t90_m1p0_s3,1.0,0.3,90,1.0,3,perpendicular,FRAG_KILL,False,RADIAL_ONLY,,,0.55,,0,250.3,False
TAG_f1p0_b0p3_t90_m1p0_s4,1.0,0.3,90,1.0,4,perpendicular,FRAG_KILL,False,RADIAL_ONLY,,,0.584,,0,640.7,False
TAG_f1p0_b0p3_t90_m1p0_s5,1.0,0.3,90,1.0,5,perpendicular,FRAG_KILL,False,RADIAL_ONLY,,,0.5491,,0,250.3,False
TAG_f1p0_b0p3_t90_m1p5_s1,1.0,0.3,90,1.5,1,perpendicular,FRAG_KILL,False,RADIAL_ONLY,,,0.587,,0,460.5,False
TAG_f1p0_b0p3_t90_m1p5_s2,1.0,0.3,90,1.5,2,perpendicular,FRAG_KILL,False,RADIAL_ONLY,,,0.582,,0,450.5,False
TAG_f1p0_b0p3_t90_m1p5_s3,1.0,0.3,90,1.5,3,perpendicular,FRAG_KILL,False,RADIAL_ONLY,,,0.55,,0,320.4,False
TAG_f1p0_b0p3_t90_m1p5_s4,1.0,0.3,90,1.5,4,perpendicular,FRAG_KILL,False,RADIAL_ONLY,,,0.5471,,0,190.2,False
TAG_f1p0_b0p3_t90_m1p5_s5,1.0,0.3,90,1.5,5,perpendicular,FRAG_KILL,False,RADIAL_ONLY,,,0.576,,0,420.5,False
TAG_f1p0_b0p3_t90_m2p0_s1,1.0,0.3,90,2.0,1,perpendicular,FRAG_KILL,False,RADIAL_ONLY,,,0.59,,0,690.8,False
TAG_f1p0_b0p3_t90_m2p0_s2,1.0,0.3,90,2.0,2,perpendicular,FRAG_KILL,False,RADIAL_ONLY,,,0.5471,,0,220.2,False
TAG_f1p0_b0p3_t90_m2p0_s3,1.0,0.3,90,2.0,3,perpendicular,FRAG_KILL,False,RADIAL_ONLY,,,0.548,,0,260.3,False
TAG_f1p0_b0p3_t90_m2p0_s4,1.0,0.3,90,2.0,4,perpendicular,FRAG_KILL,False,RADIAL_ONLY,,,0.582,,0,700.8,False
TAG_f1p0_b0p3_t90_m2p0_s5,1.0,0.3,90,2.0,5,perpendicular,FRAG_KILL,False,RADIAL_ONLY,,,0.585,,0,680.7,False
TAG_f1p0_b0p3_t90_m2p5_s1,1.0,0.3,90,2.5,1,perpendicular,FRAG_KILL,False,RADIAL_ONLY,,,0.5442,,0,170.2,False
TAG_f1p0_b0p3_t90_m2p5_s2,1.0,0.3,90,2.5,2,perpendicular,FRAG_KILL,False,RADIAL_ONLY,,,0.575,,0,480.5,False
TAG_f1p0_b0p3_t90_m2p5_s3,1.0,0.3,90,2.5,3,perpendicular,FRAG_KILL,False,RADIAL_ONLY,,,0.545,,0,190.2,False
TAG_f1p0_b0p3_t90_m2p5_s4,1.0,0.3,90,2.5,4,perpendicular,FRAG_KILL,False,RADIAL_ONLY,,,0.589,,0,810.9,False
TAG_f1p0_b0p3_t90_m2p5_s5,1.0,0.3,90,2.5,5,perpendicular,FRAG_KILL,False,RADIAL_ONLY,,,0.546,,0,220.2,False
TAG_f1p0_b0p3_t90_m3p0_s1,1.0,0.3,90,3.0,1,perpendicular,FRAG_KILL,False,RADIAL_ONLY,,,0.5791,,0,410.4,False
TAG_f1p0_b0p3_t90_m3p0_s2,1.0,0.3,90,3.0,2,perpendicular,FRAG_KILL,False,RADIAL_ONLY,,,0.577,,0,410.4,False
TAG_f1p0_b0p3_t90_m3p0_s3,1.0,0.3,90,3.0,3,perpendicular,FRAG_KILL,False,RADIAL_ONLY,,,0.591,,0,951.0,False
TAG_f1p0_b0p3_t90_m3p0_s4,1.0,0.3,90,3.0,4,perpendicular,FRAG_KILL,False,RADIAL_ONLY,,,0.5481,,0,300.3,False
TAG_f1p0_b0p3_t90_m3p0_s5,1.0,0.3,90,3.0,5,perpendicular,FRAG_KILL,False,RADIAL_ONLY,,,0.58,,0,650.7,False
TAG_f1p0_b0p5_t0_m1p0_s1,1.0,0.5,0,1.0,1,longitudinal,FRAG_KILL,True,FULL,10.0677,9.2507,1.3119,0.0899,10,230.3,False
TAG_f1p0_b0p5_t0_m1p0_s2,1.0,0.5,0,1.0,2,longitudinal,FRAG_KILL,True,FULL,6.7578,1.7869,1.3242,0.1085,9,200.2,False
TAG_f1p0_b0p5_t0_m1p0_s3,1.0,0.5,0,1.0,3,longitudinal,FRAG_KILL,True,FULL,8.2598,5.0799,1.35,0.1582,9,250.3,False
TAG_f1p0_b0p5_t0_m1p0_s4,1.0,0.5,0,1.0,4,longitudinal,FRAG_KILL,True,FULL,6.5865,2.4002,1.3039,0.1187,10,200.2,False
TAG_f1p0_b0p5_t0_m1p0_s5,1.0,0.5,0,1.0,5,longitudinal,FRAG_KILL,True,FULL,6.9606,4.1949,1.3471,0.1299,10,250.3,False
TAG_f1p0_b0p5_t0_m1p5_s1,1.0,0.5,0,1.5,1,longitudinal,FRAG_KILL,True,FULL,11.9688,11.8691,1.2743,0.0899,10,230.3,False
TAG_f1p0_b0p5_t0_m1p5_s2,1.0,0.5,0,1.5,2,longitudinal,FRAG_KILL,True,FULL,6.3341,1.3855,1.2926,0.12,9,210.2,False
TAG_f1p0_b0p5_t0_m1p5_s3,1.0,0.5,0,1.5,3,longitudinal,FRAG_KILL,True,FULL,7.9236,4.7341,1.3086,0.1392,9,250.3,False
TAG_f1p0_b0p5_t0_m1p5_s4,1.0,0.5,0,1.5,4,longitudinal,FRAG_KILL,True,FULL,6.7752,2.3905,1.27,0.1101,9,200.2,False
TAG_f1p0_b0p5_t0_m1p5_s5,1.0,0.5,0,1.5,5,longitudinal,FRAG_KILL,True,FULL,8.1399,5.6927,1.3002,0.1288,10,220.2,False
TAG_f1p0_b0p5_t0_m2p0_s1,1.0,0.5,0,2.0,1,longitudinal,FRAG_KILL,True,FULL,12.9896,11.8806,1.2478,0.09,9,230.3,False
TAG_f1p0_b0p5_t0_m2p0_s2,1.0,0.5,0,2.0,2,longitudinal,FRAG_KILL,True,FULL,6.3502,1.5155,1.2678,0.1182,9,200.2,False
TAG_f1p0_b0p5_t0_m2p0_s3,1.0,0.5,0,2.0,3,longitudinal,FRAG_KILL,True,FULL,7.9306,4.7154,1.2756,0.1392,9,220.2,False
TAG_f1p0_b0p5_t0_m2p0_s4,1.0,0.5,0,2.0,4,longitudinal,FRAG_KILL,True,FULL,7.1918,2.6012,1.2376,0.1095,9,200.2,False
TAG_f1p0_b0p5_t0_m2p0_s5,1.0,0.5,0,2.0,5,longitudinal,FRAG_KILL,True,FULL,6.9306,4.0503,1.2837,0.1385,10,260.3,False
TAG_f1p0_b0p5_t0_m2p5_s1,1.0,0.5,0,2.5,1,longitudinal,FRAG_KILL,True,FULL,12.1402,11.6189,1.2338,0.0995,9,250.3,False
TAG_f1p0_b0p5_t0_m2p5_s2,1.0,0.5,0,2.5,2,longitudinal,FRAG_KILL,True,FULL,6.2109,1.2741,1.2726,0.1487,9,270.3,False
TAG_f1p0_b0p5_t0_m2p5_s3,1.0,0.5,0,2.5,3,longitudinal,FRAG_KILL,True,FULL,8.3958,4.7231,1.255,0.1394,9,230.3,False
TAG_f1p0_b0p5_t0_m2p5_s4,1.0,0.5,0,2.5,4,longitudinal,FRAG_KILL,True,FULL,6.5104,2.197,1.2445,0.1395,9,320.4,False
TAG_f1p0_b0p5_t0_m2p5_s5,1.0,0.5,0,2.5,5,longitudinal,FRAG_KILL,True,FULL,6.875,3.9407,1.2629,0.1482,9,260.3,False
TAG_f1p0_b0p5_t0_m3p0_s1,1.0,0.5,0,3.0,1,longitudinal,FRAG_KILL,True,FULL,14.9006,13.1608,1.2119,0.0991,9,250.3,False
TAG_f1p0_b0p5_t0_m3p0_s2,1.0,0.5,0,3.0,2,longitudinal,FRAG_KILL,True,FULL,6.2109,1.4283,1.2505,0.15,9,250.3,False
TAG_f1p0_b0p5_t0_m3p0_s3,1.0,0.5,0,3.0,3,longitudinal,FRAG_KILL,True,FULL,8.5286,4.9226,1.248,0.1483,9,270.3,False
TAG_f1p0_b0p5_t0_m3p0_s4,1.0,0.5,0,3.0,4,longitudinal,FRAG_KILL,True,FULL,7.1658,2.623,1.1934,0.1084,9,190.2,False
TAG_f1p0_b0p5_t0_m3p0_s5,1.0,0.5,0,3.0,5,longitudinal,FRAG_KILL,True,FULL,7.1074,4.3386,1.2247,0.1189,9,200.2,False
TAG_f1p0_b0p5_t90_m1p0_s1,1.0,0.5,90,1.0,1,perpendicular,FRAG_KILL,False,RADIAL_ONLY,,,0.5791,,0,680.8,False
TAG_f1p0_b0p5_t90_m1p0_s2,1.0,0.5,90,1.0,2,perpendicular,FRAG_KILL,False,RADIAL_ONLY,,,0.5481,,0,430.5,False
TAG_f1p0_b0p5_t90_m1p0_s3,1.0,0.5,90,1.0,3,perpendicular,FRAG_KILL,False,RADIAL_ONLY,,,0.5541,,0,410.5,False
TAG_f1p0_b0p5_t90_m1p0_s4,1.0,0.5,90,1.0,4,perpendicular,FRAG_KILL,False,RADIAL_ONLY,,,0.5511,,0,550.6,False
TAG_f1p0_b0p5_t90_m1p0_s5,1.0,0.5,90,1.0,5,perpendicular,FRAG_KILL,False,RADIAL_ONLY,,,0.564,,0,470.5,False
TAG_f1p0_b0p5_t90_m1p5_s1,1.0,0.5,90,1.5,1,perpendicular,FRAG_KILL,False,RADIAL_ONLY,,,0.4962,,0,150.2,False
TAG_f1p0_b0p5_t90_m1p5_s2,1.0,0.5,90,1.5,2,perpendicular,FRAG_KILL,False,RADIAL_ONLY,,,0.4971,,0,160.2,False
TAG_f1p0_b0p5_t90_m1p5_s3,1.0,0.5,90,1.5,3,perpendicular,FRAG_KILL,False,RADIAL_ONLY,,,0.4882,,0,130.1,False
TAG_f1p0_b0p5_t90_m1p5_s4,1.0,0.5,90,1.5,4,perpendicular,FRAG_KILL,False,RADIAL_ONLY,,,0.5392,,0,260.3,False
TAG_f1p0_b0p5_t90_m1p5_s5,1.0,0.5,90,1.5,5,perpendicular,FRAG_KILL,False,RADIAL_ONLY,,,0.53,,0,380.4,False
TAG_f1p0_b0p5_t90_m2p0_s1,1.0,0.5,90,2.0,1,perpendicular,FRAG_KILL,False,RADIAL_ONLY,,,0.5631,,0,740.8,False
TAG_f1p0_b0p5_t90_m2p0_s2,1.0,0.5,90,2.0,2,perpendicular,FRAG_KILL,False,RADIAL_ONLY,,,0.55,,0,480.5,False
TAG_f1p0_b0p5_t90_m2p0_s3,1.0,0.5,90,2.0,3,perpendicular,FRAG_KILL,False,RADIAL_ONLY,,,0.575,,0,550.6,False
TAG_f1p0_b0p5_t90_m2p0_s4,1.0,0.5,90,2.0,4,perpendicular,FRAG_KILL,False,RADIAL_ONLY,,,0.557,,0,470.5,False
TAG_f1p0_b0p5_t90_m2p0_s5,1.0,0.5,90,2.0,5,perpendicular,FRAG_KILL,False,RADIAL_ONLY,,,0.5571,,0,400.4,False
TAG_f1p0_b0p5_t90_m2p5_s1,1.0,0.5,90,2.5,1,perpendicular,FRAG_KILL,False,RADIAL_ONLY,,,0.5611,,0,440.5,False
TAG_f1p0_b0p5_t90_m2p5_s2,1.0,0.5,90,2.5,2,perpendicular,FRAG_KILL,False,RADIAL_ONLY,,,0.5381,,0,340.4,False
TAG_f1p0_b0p5_t90_m2p5_s3,1.0,0.5,90,2.5,3,perpendicular,FRAG_KILL,False,RADIAL_ONLY,,,0.5481,,0,330.4,False
TAG_f1p0_b0p5_t90_m2p5_s4,1.0,0.5,90,2.5,4,perpendicular,FRAG_KILL,False,RADIAL_ONLY,,,0.497,,0,150.2,False
TAG_f1p0_b0p5_t90_m2p5_s5,1.0,0.5,90,2.5,5,perpendicular,FRAG_KILL,False,RADIAL_ONLY,,,0.525,,0,210.2,False
TAG_f1p0_b0p5_t90_m3p0_s1,1.0,0.5,90,3.0,1,perpendicular,FRAG_KILL,False,RADIAL_ONLY,,,0.4953,,0,150.2,False
TAG_f1p0_b0p5_t90_m3p0_s2,1.0,0.5,90,3.0,2,perpendicular,FRAG_KILL,False,RADIAL_ONLY,,,0.5291,,0,240.3,False
TAG_f1p0_b0p5_t90_m3p0_s3,1.0,0.5,90,3.0,3,perpendicular,FRAG_KILL,False,RADIAL_ONLY,,,0.562,,0,510.6,False
TAG_f1p0_b0p5_t90_m3p0_s4,1.0,0.5,90,3.0,4,perpendicular,FRAG_KILL,False,RADIAL_ONLY,,,0.56,,0,941.0,False
TAG_f1p0_b0p5_t90_m3p0_s5,1.0,0.5,90,3.0,5,perpendicular,FRAG_KILL,False,RADIAL_ONLY,,,0.553,,0,620.7,False
TAG_f1p0_b1p0_t0_m1p0_s1,1.0,1.0,0,1.0,1,longitudinal,FRAG_KILL,True,FULL,5.5104,1.1498,1.1091,0.0895,11,290.3,False
TAG_f1p0_b1p0_t0_m1p0_s2,1.0,1.0,0,1.0,2,longitudinal,FRAG_KILL,True,FULL,6.4397,4.9908,1.141,0.1286,11,440.5,False
TAG_f1p0_b1p0_t0_m1p0_s3,1.0,1.0,0,1.0,3,longitudinal,FRAG_KILL,True,FULL,5.2604,1.203,1.1253,0.1186,10,310.3,False
TAG_f1p0_b1p0_t0_m1p0_s4,1.0,1.0,0,1.0,4,longitudinal,FRAG_KILL,True,FULL,5.013,0.0977,1.1011,0.1088,11,260.3,False
TAG_f1p0_b1p0_t0_m1p0_s5,1.0,1.0,0,1.0,5,longitudinal,FRAG_KILL,True,FULL,6.6332,4.9462,1.145,0.1287,11,540.6,False
TAG_f1p0_b1p0_t0_m1p5_s1,1.0,1.0,0,1.5,1,longitudinal,FRAG_KILL,True,FULL,5.7448,1.2132,1.0838,0.0895,11,300.3,False
TAG_f1p0_b1p0_t0_m1p5_s2,1.0,1.0,0,1.5,2,longitudinal,FRAG_KILL,True,FULL,5.3125,0.7708,1.0914,0.1093,11,260.3,False
TAG_f1p0_b1p0_t0_m1p5_s3,1.0,1.0,0,1.5,3,longitudinal,FRAG_KILL,True,FULL,5.1373,0.6806,1.0885,0.0997,9,250.3,False
TAG_f1p0_b1p0_t0_m1p5_s4,1.0,1.0,0,1.5,4,longitudinal,FRAG_KILL,True,FULL,5.0426,0.0763,1.0758,0.0986,10,250.3,False
TAG_f1p0_b1p0_t0_m1p5_s5,1.0,1.0,0,1.5,5,longitudinal,FRAG_KILL,True,FULL,9.3527,10.7945,1.114,0.1296,11,530.6,False
TAG_f1p0_b1p0_t0_m2p0_s1,1.0,1.0,0,2.0,1,longitudinal,FRAG_KILL,True,FULL,5.6913,1.1617,1.079,0.0997,11,520.6,False
TAG_f1p0_b1p0_t0_m2p0_s2,1.0,1.0,0,2.0,2,longitudinal,FRAG_KILL,True,FULL,5.3977,0.7809,1.0755,0.0986,11,280.3,False
TAG_f1p0_b1p0_t0_m2p0_s3,1.0,1.0,0,2.0,3,longitudinal,FRAG_KILL,True,FULL,5.2644,1.2088,1.0863,0.1194,10,330.4,False
TAG_f1p0_b1p0_t0_m2p0_s4,1.0,1.0,0,2.0,4,longitudinal,FRAG_KILL,True,FULL,5.1089,0.1304,1.0555,0.099,10,250.3,False
TAG_f1p0_b1p0_t0_m2p0_s5,1.0,1.0,0,2.0,5,longitudinal,FRAG_KILL,True,FULL,10.204,11.4586,1.0789,0.1095,11,310.3,False
TAG_f1p0_b1p0_t0_m2p5_s1,1.0,1.0,0,2.5,1,longitudinal,FRAG_KILL,True,FULL,5.724,1.15,1.0528,0.0895,11,300.3,False
TAG_f1p0_b1p0_t0_m2p5_s2,1.0,1.0,0,2.5,2,longitudinal,FRAG_KILL,True,FULL,5.3835,0.7909,1.0581,0.0998,11,250.3,False
TAG_f1p0_b1p0_t0_m2p5_s3,1.0,1.0,0,2.5,3,longitudinal,FRAG_KILL,True,FULL,5.0856,0.6375,1.086,0.1297,10,610.7,False
TAG_f1p0_b1p0_t0_m2p5_s4,1.0,1.0,0,2.5,4,longitudinal,FRAG_KILL,True,FULL,5.1442,0.1194,1.0517,0.1185,10,300.3,False
TAG_f1p0_b1p0_t0_m2p5_s5,1.0,1.0,0,2.5,5,longitudinal,FRAG_KILL,True,FULL,8.1771,9.4736,1.101,0.1497,11,1191.4,False
TAG_f1p0_b1p0_t0_m3p0_s1,1.0,1.0,0,3.0,1,longitudinal,FRAG_KILL,True,FULL,5.6913,1.0997,1.0427,0.0986,11,320.4,False
TAG_f1p0_b1p0_t0_m3p0_s2,1.0,1.0,0,3.0,2,longitudinal,FRAG_KILL,True,FULL,5.3689,0.7659,1.0529,0.1091,11,280.3,False
TAG_f1p0_b1p0_t0_m3p0_s3,1.0,1.0,0,3.0,3,longitudinal,FRAG_KILL,True,FULL,5.0868,0.6147,1.0891,0.1395,10,780.9,False
TAG_f1p0_b1p0_t0_m3p0_s4,1.0,1.0,0,3.0,4,longitudinal,FRAG_KILL,True,FULL,5.1603,0.1588,1.0418,0.1187,10,280.3,False
TAG_f1p0_b1p0_t0_m3p0_s5,1.0,1.0,0,3.0,5,longitudinal,FRAG_KILL,True,FULL,8.5897,10.2827,1.0621,0.1196,11,360.4,False
TAG_f1p0_b1p0_t90_m1p0_s1,1.0,1.0,90,1.0,1,perpendicular,FRAG_KILL,False,RADIAL_ONLY,,,0.5352,,0,360.4,False
TAG_f1p0_b1p0_t90_m1p0_s2,1.0,1.0,90,1.0,2,perpendicular,FRAG_KILL,False,RADIAL_ONLY,,,0.515,,0,290.3,False
TAG_f1p0_b1p0_t90_m1p0_s3,1.0,1.0,90,1.0,3,perpendicular,FRAG_KILL,False,RADIAL_ONLY,,,0.4928,,0,130.1,False
TAG_f1p0_b1p0_t90_m1p0_s4,1.0,1.0,90,1.0,4,perpendicular,FRAG_KILL,False,RADIAL_ONLY,,,0.4949,,0,150.2,False
TAG_f1p0_b1p0_t90_m1p0_s5,1.0,1.0,90,1.0,5,perpendicular,FRAG_KILL,False,RADIAL_ONLY,,,0.4951,,0,150.2,False
TAG_f1p0_b1p0_t90_m1p5_s1,1.0,1.0,90,1.5,1,perpendicular,FRAG_KILL,False,RADIAL_ONLY,,,0.4933,,0,140.2,False
TAG_f1p0_b1p0_t90_m1p5_s2,1.0,1.0,90,1.5,2,perpendicular,FRAG_KILL,False,RADIAL_ONLY,,,0.5041,,0,290.3,False
TAG_f1p0_b1p0_t90_m1p5_s3,1.0,1.0,90,1.5,3,perpendicular,FRAG_KILL,False,RADIAL_ONLY,,,0.505,,0,210.2,False
TAG_f1p0_b1p0_t90_m1p5_s4,1.0,1.0,90,1.5,4,perpendicular,FRAG_KILL,False,RADIAL_ONLY,,,0.4938,,0,150.2,False
TAG_f1p0_b1p0_t90_m1p5_s5,1.0,1.0,90,1.5,5,perpendicular,FRAG_KILL,False,RADIAL_ONLY,,,0.4971,,0,150.2,False
TAG_f1p0_b1p0_t90_m2p0_s1,1.0,1.0,90,2.0,1,perpendicular,FRAG_KILL,False,RADIAL_ONLY,,,0.4964,,0,150.2,False
TAG_f1p0_b1p0_t90_m2p0_s2,1.0,1.0,90,2.0,2,perpendicular,FRAG_KILL,False,RADIAL_ONLY,,,0.4961,,0,150.2,False
TAG_f1p0_b1p0_t90_m2p0_s3,1.0,1.0,90,2.0,3,perpendicular,FRAG_KILL,False,RADIAL_ONLY,,,0.4958,,0,140.2,False
TAG_f1p0_b1p0_t90_m2p0_s4,1.0,1.0,90,2.0,4,perpendicular,FRAG_KILL,False,RADIAL_ONLY,,,0.4914,,0,130.1,False
TAG_f1p0_b1p0_t90_m2p0_s5,1.0,1.0,90,2.0,5,perpendicular,FRAG_KILL,False,RADIAL_ONLY,,,0.494,,0,140.2,False
TAG_f1p0_b1p0_t90_m2p5_s1,1.0,1.0,90,2.5,1,perpendicular,FRAG_KILL,False,RADIAL_ONLY,,,0.4904,,0,140.1,False
TAG_f1p0_b1p0_t90_m2p5_s2,1.0,1.0,90,2.5,2,perpendicular,FRAG_KILL,False,RADIAL_ONLY,,,0.4972,,0,160.2,False
TAG_f1p0_b1p0_t90_m2p5_s3,1.0,1.0,90,2.5,3,perpendicular,FRAG_KILL,False,RADIAL_ONLY,,,0.529,,0,350.4,False
TAG_f1p0_b1p0_t90_m2p5_s4,1.0,1.0,90,2.5,4,perpendicular,FRAG_KILL,False,RADIAL_ONLY,,,0.5241,,0,410.4,False
TAG_f1p0_b1p0_t90_m2p5_s5,1.0,1.0,90,2.5,5,perpendicular,FRAG_KILL,False,RADIAL_ONLY,,,0.5002,,0,220.2,False
TAG_f1p0_b1p0_t90_m3p0_s1,1.0,1.0,90,3.0,1,perpendicular,FRAG_KILL,False,RADIAL_ONLY,,,0.4917,,0,140.2,False
TAG_f1p0_b1p0_t90_m3p0_s2,1.0,1.0,90,3.0,2,perpendicular,FRAG_KILL,False,RADIAL_ONLY,,,0.524,,0,420.5,False
TAG_f1p0_b1p0_t90_m3p0_s3,1.0,1.0,90,3.0,3,perpendicular,FRAG_KILL,False,RADIAL_ONLY,,,0.5031,,0,170.2,False
TAG_f1p0_b1p0_t90_m3p0_s4,1.0,1.0,90,3.0,4,perpendicular,FRAG_KILL,False,RADIAL_ONLY,,,0.4935,,0,140.1,False
TAG_f1p0_b1p0_t90_m3p0_s5,1.0,1.0,90,3.0,5,perpendicular,FRAG_KILL,False,RADIAL_ONLY,,,0.4899,,0,120.1,False
TAG_f1p0_b2p0_t0_m1p0_s1,1.0,2.0,0,1.0,1,longitudinal,FRAG_KILL,True,FULL,5.1096,0.9326,1.0801,0.1798,11,2252.6,False
TAG_f1p0_b2p0_t0_m1p0_s2,1.0,2.0,0,1.0,2,longitudinal,FRAG_KILL,True,FULL,5.6087,3.2072,1.056,0.1497,11,1661.9,False
TAG_f1p0_b2p0_t0_m1p0_s3,1.0,2.0,0,1.0,3,longitudinal,FRAG_KILL,True,FULL,4.809,0.0388,1.0151,0.11,10,560.6,False
TAG_f1p0_b2p0_t0_m1p0_s4,1.0,2.0,0,1.0,4,longitudinal,FRAG_KILL,True,FULL,4.8661,0.0258,1.023,0.13,11,921.0,False
TAG_f1p0_b2p0_t0_m1p0_s5,1.0,2.0,0,1.0,5,longitudinal,FRAG_KILL,True,FULL,9.6354,12.1618,0.9809,0.0799,11,280.3,False
TAG_f1p0_b2p0_t0_m1p5_s1,1.0,2.0,0,1.5,1,longitudinal,FRAG_KILL,True,FULL,5.1944,1.0079,1.02,0.1397,11,1822.1,False
TAG_f1p0_b2p0_t0_m1p5_s2,1.0,2.0,0,1.5,2,longitudinal,FRAG_KILL,True,FULL,6.1458,3.9609,0.978,0.0898,11,350.4,False
TAG_f1p0_b2p0_t0_m1p5_s3,1.0,2.0,0,1.5,3,longitudinal,FRAG_KILL,True,FULL,4.8177,0.0703,1.015,0.1298,10,1451.6,False
TAG_f1p0_b2p0_t0_m1p5_s4,1.0,2.0,0,1.5,4,longitudinal,FRAG_KILL,True,FULL,4.8698,0.0326,1.001,0.1298,11,810.9,False
TAG_f1p0_b2p0_t0_m1p5_s5,1.0,2.0,0,1.5,5,longitudinal,FRAG_KILL,True,FULL,7.3897,9.1378,1.044,0.1594,11,1822.1,False
TAG_f1p0_b2p0_t0_m2p0_s1,1.0,2.0,0,2.0,1,longitudinal,FRAG_KILL,True,FULL,5.2804,1.0646,0.994,0.1199,11,1151.3,False
TAG_f1p0_b2p0_t0_m2p0_s2,1.0,2.0,0,2.0,2,longitudinal,FRAG_KILL,True,FULL,6.2091,5.0403,1.006,0.1295,11,1031.2,False
TAG_f1p0_b2p0_t0_m2p0_s3,1.0,2.0,0,2.0,3,longitudinal,FRAG_KILL,True,FULL,4.8131,0.0646,1.031,0.1594,10,1621.9,False
TAG_f1p0_b2p0_t0_m2p0_s4,1.0,2.0,0,2.0,4,longitudinal,FRAG_KILL,True,FULL,4.8646,0.0255,1.005,0.1394,11,1281.5,False
TAG_f1p0_b2p0_t0_m2p0_s5,1.0,2.0,0,2.0,5,longitudinal,FRAG_KILL,True,FULL,6.3229,4.8502,1.0111,0.1396,11,1081.2,False
TAG_f1p0_b2p0_t0_m2p5_s1,1.0,2.0,0,2.5,1,longitudinal,FRAG_KILL,True,FULL,5.1939,0.9147,1.0321,0.1699,11,2142.4,False
TAG_f1p0_b2p0_t0_m2p5_s2,1.0,2.0,0,2.5,2,longitudinal,FRAG_KILL,True,FULL,6.3221,5.2134,0.9831,0.1198,11,680.8,False
TAG_f1p0_b2p0_t0_m2p5_s3,1.0,2.0,0,2.5,3,longitudinal,FRAG_KILL,True,FULL,4.8553,0.1092,0.948,0.0797,10,330.4,False
TAG_f1p0_b2p0_t0_m2p5_s4,1.0,2.0,0,2.5,4,longitudinal,FRAG_KILL,True,FULL,4.8665,0.0317,1.004,0.1495,11,1301.5,False
TAG_f1p0_b2p0_t0_m2p5_s5,1.0,2.0,0,2.5,5,longitudinal,FRAG_KILL,True,FULL,6.3835,4.7376,1.019,0.1497,11,2122.4,False
TAG_f1p0_b2p0_t0_m3p0_s1,1.0,2.0,0,3.0,1,longitudinal,FRAG_KILL,True,FULL,5.2298,0.9336,1.012,0.1593,11,1681.9,False
TAG_f1p0_b2p0_t0_m3p0_s2,1.0,2.0,0,3.0,2,longitudinal,FRAG_KILL,True,FULL,6.4807,5.0729,0.987,0.1295,11,961.1,False
TAG_f1p0_b2p0_t0_m3p0_s3,1.0,2.0,0,3.0,3,longitudinal,FRAG_KILL,True,FULL,4.7819,0.1252,1.005,0.1495,10,1641.9,False
TAG_f1p0_b2p0_t0_m3p0_s4,1.0,2.0,0,3.0,4,longitudinal,FRAG_KILL,True,FULL,4.8438,0.091,1.02,0.1793,12,1882.1,False
TAG_f1p0_b2p0_t0_m3p0_s5,1.0,2.0,0,3.0,5,longitudinal,FRAG_KILL,True,FULL,6.204,4.5667,1.017,0.1595,11,2232.6,False
TAG_f1p0_b2p0_t90_m1p0_s1,1.0,2.0,90,1.0,1,perpendicular,FRAG_KILL,False,RADIAL_ONLY,,,0.5309,,0,110.1,False
TAG_f1p0_b2p0_t90_m1p0_s2,1.0,2.0,90,1.0,2,perpendicular,FRAG_KILL,False,RADIAL_ONLY,,,0.5312,,0,110.1,False
TAG_f1p0_b2p0_t90_m1p0_s3,1.0,2.0,90,1.0,3,perpendicular,FRAG_KILL,False,RADIAL_ONLY,,,0.5309,,0,110.1,False
TAG_f1p0_b2p0_t90_m1p0_s4,1.0,2.0,90,1.0,4,perpendicular,FRAG_KILL,False,RADIAL_ONLY,,,0.531,,0,110.1,False
TAG_f1p0_b2p0_t90_m1p0_s5,1.0,2.0,90,1.0,5,perpendicular,FRAG_KILL,False,RADIAL_ONLY,,,0.5307,,0,110.1,False
TAG_f1p0_b2p0_t90_m1p5_s1,1.0,2.0,90,1.5,1,perpendicular,FRAG_KILL,False,RADIAL_ONLY,,,0.5314,,0,110.1,False
TAG_f1p0_b2p0_t90_m1p5_s2,1.0,2.0,90,1.5,2,perpendicular,FRAG_KILL,False,RADIAL_ONLY,,,0.5314,,0,110.1,False
TAG_f1p0_b2p0_t90_m1p5_s3,1.0,2.0,90,1.5,3,perpendicular,FRAG_KILL,False,RADIAL_ONLY,,,0.5319,,0,110.1,False
TAG_f1p0_b2p0_t90_m1p5_s4,1.0,2.0,90,1.5,4,perpendicular,FRAG_KILL,False,RADIAL_ONLY,,,0.5312,,0,110.1,False
TAG_f1p0_b2p0_t90_m1p5_s5,1.0,2.0,90,1.5,5,perpendicular,FRAG_KILL,False,RADIAL_ONLY,,,0.5299,,0,100.1,False
TAG_f1p0_b2p0_t90_m2p0_s1,1.0,2.0,90,2.0,1,perpendicular,FRAG_KILL,False,RADIAL_ONLY,,,0.5312,,0,100.1,False
TAG_f1p0_b2p0_t90_m2p0_s2,1.0,2.0,90,2.0,2,perpendicular,FRAG_KILL,False,RADIAL_ONLY,,,0.5315,,0,110.1,False
TAG_f1p0_b2p0_t90_m2p0_s3,1.0,2.0,90,2.0,3,perpendicular,FRAG_KILL,False,RADIAL_ONLY,,,0.5312,,0,110.1,False
TAG_f1p0_b2p0_t90_m2p0_s4,1.0,2.0,90,2.0,4,perpendicular,FRAG_KILL,False,RADIAL_ONLY,,,0.5305,,0,110.1,False
TAG_f1p0_b2p0_t90_m2p0_s5,1.0,2.0,90,2.0,5,perpendicular,FRAG_KILL,False,RADIAL_ONLY,,,0.5328,,0,110.1,False
TAG_f1p0_b2p0_t90_m2p5_s1,1.0,2.0,90,2.5,1,perpendicular,FRAG_KILL,False,RADIAL_ONLY,,,0.531,,0,110.1,False
TAG_f1p0_b2p0_t90_m2p5_s2,1.0,2.0,90,2.5,2,perpendicular,FRAG_KILL,False,RADIAL_ONLY,,,0.531,,0,110.1,False
TAG_f1p0_b2p0_t90_m2p5_s3,1.0,2.0,90,2.5,3,perpendicular,FRAG_KILL,False,RADIAL_ONLY,,,0.5315,,0,110.1,False
TAG_f1p0_b2p0_t90_m2p5_s4,1.0,2.0,90,2.5,4,perpendicular,FRAG_KILL,False,RADIAL_ONLY,,,0.531,,0,110.1,False
TAG_f1p0_b2p0_t90_m2p5_s5,1.0,2.0,90,2.5,5,perpendicular,FRAG_KILL,False,RADIAL_ONLY,,,0.5305,,0,110.1,False
TAG_f1p0_b2p0_t90_m3p0_s1,1.0,2.0,90,3.0,1,perpendicular,FRAG_KILL,False,RADIAL_ONLY,,,0.5309,,0,110.1,False
TAG_f1p0_b2p0_t90_m3p0_s2,1.0,2.0,90,3.0,2,perpendicular,FRAG_KILL,False,RADIAL_ONLY,,,0.5306,,0,110.1,False
TAG_f1p0_b2p0_t90_m3p0_s3,1.0,2.0,90,3.0,3,perpendicular,FRAG_KILL,False,RADIAL_ONLY,,,0.5312,,0,110.1,False
TAG_f1p0_b2p0_t90_m3p0_s4,1.0,2.0,90,3.0,4,perpendicular,FRAG_KILL,False,RADIAL_ONLY,,,0.53,,0,100.1,False
TAG_f1p0_b2p0_t90_m3p0_s5,1.0,2.0,90,3.0,5,perpendicular,FRAG_KILL,False,RADIAL_ONLY,,,0.5308,,0,110.1,False
TAG_f1p2_b0p3_t0_m1p0_s1,1.2,0.3,0,1.0,1,longitudinal,FRAG_KILL,True,FULL,20.2344,15.1317,1.5482,0.1101,6,230.3,False
TAG_f1p2_b0p3_t0_m1p0_s2,1.2,0.3,0,1.0,2,longitudinal,FRAG_KILL,True,FULL,9.8014,5.9709,1.5815,0.1484,6,240.3,False
TAG_f1p2_b0p3_t0_m1p0_s3,1.2,0.3,0,1.0,3,longitudinal,FRAG_KILL,True,FULL,9.2214,3.1718,1.5662,0.1881,9,240.3,False
TAG_f1p2_b0p3_t0_m1p0_s4,1.2,0.3,0,1.0,4,longitudinal,FRAG_KILL,True,FULL,7.3553,3.4084,1.5583,0.1693,6,250.3,False
TAG_f1p2_b0p3_t0_m1p0_s5,1.2,0.3,0,1.0,5,longitudinal,FRAG_KILL,True,FULL,5.4134,0.466,1.5636,0.1483,7,250.3,False
TAG_f1p2_b0p3_t0_m1p5_s1,1.2,0.3,0,1.5,1,longitudinal,FRAG_KILL,True,FULL,18.9211,14.5887,1.5011,0.129,7,230.3,False
TAG_f1p2_b0p3_t0_m1p5_s2,1.2,0.3,0,1.5,2,longitudinal,FRAG_KILL,True,FULL,10.9436,7.7641,1.5381,0.1591,6,240.3,False
TAG_f1p2_b0p3_t0_m1p5_s3,1.2,0.3,0,1.5,3,longitudinal,FRAG_KILL,True,FULL,9.2943,3.4767,1.5161,0.1889,8,250.3,False
TAG_f1p2_b0p3_t0_m1p5_s4,1.2,0.3,0,1.5,4,longitudinal,FRAG_KILL,True,FULL,7.4287,3.9422,1.501,0.1784,6,230.3,False
TAG_f1p2_b0p3_t0_m1p5_s5,1.2,0.3,0,1.5,5,longitudinal,FRAG_KILL,True,FULL,5.3646,0.4786,1.5277,0.1689,7,300.3,False
TAG_f1p2_b0p3_t0_m2p0_s1,1.2,0.3,0,2.0,1,longitudinal,FRAG_KILL,True,FULL,18.0357,15.0091,1.464,0.1299,6,230.3,False
TAG_f1p2_b0p3_t0_m2p0_s2,1.2,0.3,0,2.0,2,longitudinal,FRAG_KILL,True,FULL,10.6076,7.6235,1.5095,0.1691,7,250.3,False
TAG_f1p2_b0p3_t0_m2p0_s3,1.2,0.3,0,2.0,3,longitudinal,FRAG_KILL,True,FULL,9.0286,3.1928,1.475,0.1885,7,240.3,False
TAG_f1p2_b0p3_t0_m2p0_s4,1.2,0.3,0,2.0,4,longitudinal,FRAG_KILL,True,FULL,7.4808,3.9105,1.4601,0.1798,6,230.3,False
TAG_f1p2_b0p3_t0_m2p0_s5,1.2,0.3,0,2.0,5,longitudinal,FRAG_KILL,True,FULL,5.2906,0.4792,1.4929,0.1791,8,310.3,False
TAG_f1p2_b0p3_t0_m2p5_s1,1.2,0.3,0,2.5,1,longitudinal,FRAG_KILL,True,FULL,18.0246,15.0188,1.4356,0.1299,6,240.3,False
TAG_f1p2_b0p3_t0_m2p5_s2,1.2,0.3,0,2.5,2,longitudinal,FRAG_KILL,True,FULL,10.515,7.6864,1.4753,0.1692,6,240.3,False
TAG_f1p2_b0p3_t0_m2p5_s3,1.2,0.3,0,2.5,3,longitudinal,FRAG_KILL,True,FULL,8.8914,3.1762,1.4554,0.1998,8,250.3,False
TAG_f1p2_b0p3_t0_m2p5_s4,1.2,0.3,0,2.5,4,longitudinal,FRAG_KILL,True,FULL,7.6128,3.9559,1.4251,0.1691,6,220.2,False
TAG_f1p2_b0p3_t0_m2p5_s5,1.2,0.3,0,2.5,5,longitudinal,FRAG_KILL,True,FULL,5.2769,0.4901,1.4613,0.179,7,320.3,False
TAG_f1p2_b0p3_t0_m3p0_s1,1.2,0.3,0,3.0,1,longitudinal,FRAG_KILL,True,FULL,18.9503,15.1823,1.4099,0.12,6,230.2,False
TAG_f1p2_b0p3_t0_m3p0_s2,1.2,0.3,0,3.0,2,longitudinal,FRAG_KILL,True,FULL,9.329,5.9175,1.4484,0.1597,6,240.3,False
TAG_f1p2_b0p3_t0_m3p0_s3,1.2,0.3,0,3.0,3,longitudinal,FRAG_KILL,True,FULL,8.9896,3.1928,1.4282,0.1886,7,240.3,False
TAG_f1p2_b0p3_t0_m3p0_s4,1.2,0.3,0,3.0,4,longitudinal,FRAG_KILL,True,FULL,7.5174,4.0377,1.3983,0.17,6,220.2,False
TAG_f1p2_b0p3_t0_m3p0_s5,1.2,0.3,0,3.0,5,longitudinal,FRAG_KILL,True,FULL,5.2543,0.3514,1.4254,0.1587,7,290.3,False
TAG_f1p2_b0p3_t90_m1p0_s1,1.2,0.3,90,1.0,1,perpendicular,FRAG_KILL,False,RADIAL_ONLY,,,0.533,,0,480.5,False
TAG_f1p2_b0p3_t90_m1p0_s2,1.2,0.3,90,1.0,2,perpendicular,FRAG_KILL,False,RADIAL_ONLY,,,0.5,,0,210.2,False
TAG_f1p2_b0p3_t90_m1p0_s3,1.2,0.3,90,1.0,3,perpendicular,FRAG_KILL,False,RADIAL_ONLY,,,0.499,,0,210.2,False
TAG_f1p2_b0p3_t90_m1p0_s4,1.2,0.3,90,1.0,4,perpendicular,FRAG_KILL,False,RADIAL_ONLY,,,0.509,,0,520.6,False
TAG_f1p2_b0p3_t90_m1p0_s5,1.2,0.3,90,1.0,5,perpendicular,FRAG_KILL,False,RADIAL_ONLY,,,0.498,,0,190.2,False
TAG_f1p2_b0p3_t90_m1p5_s1,1.2,0.3,90,1.5,1,perpendicular,FRAG_KILL,False,RADIAL_ONLY,,,0.503,,0,320.4,False
TAG_f1p2_b0p3_t90_m1p5_s2,1.2,0.3,90,1.5,2,perpendicular,FRAG_KILL,False,RADIAL_ONLY,,,0.5421,,0,1381.5,False
TAG_f1p2_b0p3_t90_m1p5_s3,1.2,0.3,90,1.5,3,perpendicular,FRAG_KILL,False,RADIAL_ONLY,,,0.539,,0,570.6,False
TAG_f1p2_b0p3_t90_m1p5_s4,1.2,0.3,90,1.5,4,perpendicular,FRAG_KILL,False,RADIAL_ONLY,,,0.5391,,0,670.7,False
TAG_f1p2_b0p3_t90_m1p5_s5,1.2,0.3,90,1.5,5,perpendicular,FRAG_KILL,False,RADIAL_ONLY,,,0.499,,0,160.2,False
TAG_f1p2_b0p3_t90_m2p0_s1,1.2,0.3,90,2.0,1,perpendicular,FRAG_KILL,False,RADIAL_ONLY,,,0.4981,,0,160.2,False
TAG_f1p2_b0p3_t90_m2p0_s2,1.2,0.3,90,2.0,2,perpendicular,FRAG_KILL,False,RADIAL_ONLY,,,0.5011,,0,220.2,False
TAG_f1p2_b0p3_t90_m2p0_s3,1.2,0.3,90,2.0,3,perpendicular,FRAG_KILL,False,RADIAL_ONLY,,,0.546,,0,1802.0,False
TAG_f1p2_b0p3_t90_m2p0_s4,1.2,0.3,90,2.0,4,perpendicular,FRAG_KILL,False,RADIAL_ONLY,,,0.5,,0,230.2,False
TAG_f1p2_b0p3_t90_m2p0_s5,1.2,0.3,90,2.0,5,perpendicular,FRAG_KILL,False,RADIAL_ONLY,,,0.502,,0,320.4,False
TAG_f1p2_b0p3_t90_m2p5_s1,1.2,0.3,90,2.5,1,perpendicular,FRAG_KILL,False,RADIAL_ONLY,,,0.5031,,0,310.3,False
TAG_f1p2_b0p3_t90_m2p5_s2,1.2,0.3,90,2.5,2,perpendicular,FRAG_KILL,False,RADIAL_ONLY,,,0.5021,,0,320.4,False
TAG_f1p2_b0p3_t90_m2p5_s3,1.2,0.3,90,2.5,3,perpendicular,FRAG_KILL,False,RADIAL_ONLY,,,0.504,,0,340.4,False
TAG_f1p2_b0p3_t90_m2p5_s4,1.2,0.3,90,2.5,4,perpendicular,FRAG_KILL,False,RADIAL_ONLY,,,0.535,,0,640.7,False
TAG_f1p2_b0p3_t90_m2p5_s5,1.2,0.3,90,2.5,5,perpendicular,FRAG_KILL,False,RADIAL_ONLY,,,0.5011,,0,260.3,False
TAG_f1p2_b0p3_t90_m3p0_s1,1.2,0.3,90,3.0,1,perpendicular,FRAG_KILL,False,RADIAL_ONLY,,,0.5,,0,260.3,False
TAG_f1p2_b0p3_t90_m3p0_s2,1.2,0.3,90,3.0,2,perpendicular,FRAG_KILL,False,RADIAL_ONLY,,,0.5031,,0,300.3,False
TAG_f1p2_b0p3_t90_m3p0_s3,1.2,0.3,90,3.0,3,perpendicular,FRAG_KILL,False,RADIAL_ONLY,,,0.54,,0,820.9,False
TAG_f1p2_b0p3_t90_m3p0_s4,1.2,0.3,90,3.0,4,perpendicular,FRAG_KILL,False,RADIAL_ONLY,,,0.4981,,0,160.2,False
TAG_f1p2_b0p3_t90_m3p0_s5,1.2,0.3,90,3.0,5,perpendicular,FRAG_KILL,False,RADIAL_ONLY,,,0.4991,,0,240.3,False
TAG_f1p2_b0p5_t0_m1p0_s1,1.2,0.5,0,1.0,1,longitudinal,FRAG_KILL,True,FULL,8.7169,8.5775,1.2316,0.0987,10,270.3,False
TAG_f1p2_b0p5_t0_m1p0_s2,1.2,0.5,0,1.0,2,longitudinal,FRAG_KILL,True,FULL,5.9809,1.0219,1.2469,0.109,11,240.3,False
TAG_f1p2_b0p5_t0_m1p0_s3,1.2,0.5,0,1.0,3,longitudinal,FRAG_KILL,True,FULL,5.2535,0.1274,1.2704,0.1399,10,310.3,False
TAG_f1p2_b0p5_t0_m1p0_s4,1.2,0.5,0,1.0,4,longitudinal,FRAG_KILL,True,FULL,5.6891,1.5574,1.2351,0.1192,10,270.3,False
TAG_f1p2_b0p5_t0_m1p0_s5,1.2,0.5,0,1.0,5,longitudinal,FRAG_KILL,True,FULL,9.8037,10.8123,1.2547,0.1199,10,250.3,False
TAG_f1p2_b0p5_t0_m1p5_s1,1.2,0.5,0,1.5,1,longitudinal,FRAG_KILL,True,FULL,9.0521,8.9243,1.1967,0.0898,10,260.3,False
TAG_f1p2_b0p5_t0_m1p5_s2,1.2,0.5,0,1.5,2,longitudinal,FRAG_KILL,True,FULL,6.0603,1.3884,1.2354,0.1298,11,330.4,False
TAG_f1p2_b0p5_t0_m1p5_s3,1.2,0.5,0,1.5,3,longitudinal,FRAG_KILL,True,FULL,6.5986,3.9085,1.2177,0.1189,8,240.3,False
TAG_f1p2_b0p5_t0_m1p5_s4,1.2,0.5,0,1.5,4,longitudinal,FRAG_KILL,True,FULL,5.653,1.5731,1.1992,0.1194,10,260.3,False
TAG_f1p2_b0p5_t0_m1p5_s5,1.2,0.5,0,1.5,5,longitudinal,FRAG_KILL,True,FULL,6.891,4.3712,1.2231,0.1189,10,280.3,False
TAG_f1p2_b0p5_t0_m2p0_s1,1.2,0.5,0,2.0,1,longitudinal,FRAG_KILL,True,FULL,9.2708,9.3816,1.1665,0.0791,10,230.3,False
TAG_f1p2_b0p5_t0_m2p0_s2,1.2,0.5,0,2.0,2,longitudinal,FRAG_KILL,True,FULL,6.1111,0.94,1.1864,0.1092,9,220.2,False
TAG_f1p2_b0p5_t0_m2p0_s3,1.2,0.5,0,2.0,3,longitudinal,FRAG_KILL,True,FULL,6.8333,3.7859,1.2061,0.1389,9,290.3,False
TAG_f1p2_b0p5_t0_m2p0_s4,1.2,0.5,0,2.0,4,longitudinal,FRAG_KILL,True,FULL,5.9293,1.7395,1.231,0.1795,10,1832.1,False
TAG_f1p2_b0p5_t0_m2p0_s5,1.2,0.5,0,2.0,5,longitudinal,FRAG_KILL,True,FULL,8.1851,5.9265,1.1958,0.1183,10,280.3,False
TAG_f1p2_b0p5_t0_m2p5_s1,1.2,0.5,0,2.5,1,longitudinal,FRAG_KILL,True,FULL,8.5511,8.6222,1.1656,0.0988,10,290.3,False
TAG_f1p2_b0p5_t0_m2p5_s2,1.2,0.5,0,2.5,2,longitudinal,FRAG_KILL,True,FULL,6.1579,1.3944,1.1753,0.1197,11,240.3,False
TAG_f1p2_b0p5_t0_m2p5_s3,1.2,0.5,0,2.5,3,longitudinal,FRAG_KILL,True,FULL,6.9792,4.0851,1.203,0.1596,9,370.4,False
TAG_f1p2_b0p5_t0_m2p5_s4,1.2,0.5,0,2.5,4,longitudinal,FRAG_KILL,True,FULL,6.2023,2.1402,1.1427,0.11,10,210.2,False
TAG_f1p2_b0p5_t0_m2p5_s5,1.2,0.5,0,2.5,5,longitudinal,FRAG_KILL,True,FULL,6.7951,4.0864,1.1924,0.1386,10,310.3,False
TAG_f1p2_b0p5_t0_m3p0_s1,1.2,0.5,0,3.0,1,longitudinal,FRAG_KILL,True,FULL,9.5597,8.9607,1.1484,0.0985,10,280.3,False
TAG_f1p2_b0p5_t0_m3p0_s2,1.2,0.5,0,3.0,2,longitudinal,FRAG_KILL,True,FULL,6.0256,1.3724,1.1607,0.1198,11,260.3,False
TAG_f1p2_b0p5_t0_m3p0_s3,1.2,0.5,0,3.0,3,longitudinal,FRAG_KILL,True,FULL,6.7188,3.8177,1.1748,0.1395,9,290.3,False
TAG_f1p2_b0p5_t0_m3p0_s4,1.2,0.5,0,3.0,4,longitudinal,FRAG_KILL,True,FULL,6.0486,1.9475,1.1556,0.1393,10,340.4,False
TAG_f1p2_b0p5_t0_m3p0_s5,1.2,0.5,0,3.0,5,longitudinal,FRAG_KILL,True,FULL,8.0394,5.7335,1.1717,0.1288,10,290.3,False
TAG_f1p2_b0p5_t90_m1p0_s1,1.2,0.5,90,1.0,1,perpendicular,FRAG_KILL,False,RADIAL_ONLY,,,0.466,,0,290.3,False
TAG_f1p2_b0p5_t90_m1p0_s2,1.2,0.5,90,1.0,2,perpendicular,FRAG_KILL,False,RADIAL_ONLY,,,0.488,,0,310.4,False
TAG_f1p2_b0p5_t90_m1p0_s3,1.2,0.5,90,1.0,3,perpendicular,FRAG_KILL,False,RADIAL_ONLY,,,0.4891,,0,290.3,False
TAG_f1p2_b0p5_t90_m1p0_s4,1.2,0.5,90,1.0,4,perpendicular,FRAG_KILL,False,RADIAL_ONLY,,,0.505,,0,410.5,False
TAG_f1p2_b0p5_t90_m1p0_s5,1.2,0.5,90,1.0,5,perpendicular,FRAG_KILL,False,RADIAL_ONLY,,,0.4911,,0,630.7,False
TAG_f1p2_b0p5_t90_m1p5_s1,1.2,0.5,90,1.5,1,perpendicular,FRAG_KILL,False,RADIAL_ONLY,,,0.504,,0,460.5,False
TAG_f1p2_b0p5_t90_m1p5_s2,1.2,0.5,90,1.5,2,perpendicular,FRAG_KILL,False,RADIAL_ONLY,,,0.501,,0,480.5,False
TAG_f1p2_b0p5_t90_m1p5_s3,1.2,0.5,90,1.5,3,perpendicular,FRAG_KILL,False,RADIAL_ONLY,,,0.4581,,0,160.2,False
TAG_f1p2_b0p5_t90_m1p5_s4,1.2,0.5,90,1.5,4,perpendicular,FRAG_KILL,False,RADIAL_ONLY,,,0.51,,0,440.5,False
TAG_f1p2_b0p5_t90_m1p5_s5,1.2,0.5,90,1.5,5,perpendicular,FRAG_KILL,False,RADIAL_ONLY,,,0.4901,,0,340.4,False
TAG_f1p2_b0p5_t90_m2p0_s1,1.2,0.5,90,2.0,1,perpendicular,FRAG_KILL,False,RADIAL_ONLY,,,0.5041,,0,430.5,False
TAG_f1p2_b0p5_t90_m2p0_s2,1.2,0.5,90,2.0,2,perpendicular,FRAG_KILL,False,RADIAL_ONLY,,,0.4921,,0,290.3,False
TAG_f1p2_b0p5_t90_m2p0_s3,1.2,0.5,90,2.0,3,perpendicular,FRAG_KILL,False,RADIAL_ONLY,,,0.503,,0,340.4,False
TAG_f1p2_b0p5_t90_m2p0_s4,1.2,0.5,90,2.0,4,perpendicular,FRAG_KILL,False,RADIAL_ONLY,,,0.5081,,0,400.4,False
TAG_f1p2_b0p5_t90_m2p0_s5,1.2,0.5,90,2.0,5,perpendicular,FRAG_KILL,False,RADIAL_ONLY,,,0.4581,,0,200.2,False
TAG_f1p2_b0p5_t90_m2p5_s1,1.2,0.5,90,2.5,1,perpendicular,FRAG_KILL,False,RADIAL_ONLY,,,0.46,,0,180.2,False
TAG_f1p2_b0p5_t90_m2p5_s2,1.2,0.5,90,2.5,2,perpendicular,FRAG_KILL,False,RADIAL_ONLY,,,0.484,,0,230.3,False
TAG_f1p2_b0p5_t90_m2p5_s3,1.2,0.5,90,2.5,3,perpendicular,FRAG_KILL,False,RADIAL_ONLY,,,0.5011,,0,340.4,False
TAG_f1p2_b0p5_t90_m2p5_s4,1.2,0.5,90,2.5,4,perpendicular,FRAG_KILL,False,RADIAL_ONLY,,,0.5081,,0,450.5,False
TAG_f1p2_b0p5_t90_m2p5_s5,1.2,0.5,90,2.5,5,perpendicular,FRAG_KILL,False,RADIAL_ONLY,,,0.4911,,0,270.3,False
TAG_f1p2_b0p5_t90_m3p0_s1,1.2,0.5,90,3.0,1,perpendicular,FRAG_KILL,False,RADIAL_ONLY,,,0.48,,0,290.3,False
TAG_f1p2_b0p5_t90_m3p0_s2,1.2,0.5,90,3.0,2,perpendicular,FRAG_KILL,False,RADIAL_ONLY,,,0.5281,,0,580.6,False
TAG_f1p2_b0p5_t90_m3p0_s3,1.2,0.5,90,3.0,3,perpendicular,FRAG_KILL,False,RADIAL_ONLY,,,0.4991,,0,360.4,False
TAG_f1p2_b0p5_t90_m3p0_s4,1.2,0.5,90,3.0,4,perpendicular,FRAG_KILL,False,RADIAL_ONLY,,,0.4961,,0,470.5,False
TAG_f1p2_b0p5_t90_m3p0_s5,1.2,0.5,90,3.0,5,perpendicular,FRAG_KILL,False,RADIAL_ONLY,,,0.5041,,0,340.4,False
TAG_f1p2_b1p0_t0_m1p0_s1,1.2,1.0,0,1.0,1,longitudinal,FRAG_KILL,True,FULL,5.3009,0.8874,1.127,0.1695,11,2122.4,False
TAG_f1p2_b1p0_t0_m1p0_s2,1.2,1.0,0,1.0,2,longitudinal,FRAG_KILL,True,FULL,5.3403,1.6836,1.091,0.1395,11,851.0,False
TAG_f1p2_b1p0_t0_m1p0_s3,1.2,1.0,0,1.0,3,longitudinal,FRAG_KILL,True,FULL,4.814,0.1735,1.087,0.1289,10,730.8,False
TAG_f1p2_b1p0_t0_m1p0_s4,1.2,1.0,0,1.0,4,longitudinal,FRAG_KILL,True,FULL,4.9089,0.0606,1.0509,0.1099,11,320.4,False
TAG_f1p2_b1p0_t0_m1p0_s5,1.2,1.0,0,1.0,5,longitudinal,FRAG_KILL,True,FULL,8.5193,10.0591,1.0881,0.1291,11,660.7,False
TAG_f1p2_b1p0_t0_m1p5_s1,1.2,1.0,0,1.5,1,longitudinal,FRAG_KILL,True,FULL,5.4403,1.1127,1.037,0.0991,11,340.4,False
TAG_f1p2_b1p0_t0_m1p5_s2,1.2,1.0,0,1.5,2,longitudinal,FRAG_KILL,True,FULL,7.9762,6.7155,0.997,0.0586,11,200.2,False
TAG_f1p2_b1p0_t0_m1p5_s3,1.2,1.0,0,1.5,3,longitudinal,FRAG_KILL,True,FULL,4.8277,0.1843,1.053,0.1196,10,480.6,False
TAG_f1p2_b1p0_t0_m1p5_s4,1.2,1.0,0,1.5,4,longitudinal,FRAG_KILL,True,FULL,4.9479,0.0702,1.0181,0.0994,11,270.3,False
TAG_f1p2_b1p0_t0_m1p5_s5,1.2,1.0,0,1.5,5,longitudinal,FRAG_KILL,True,FULL,6.8359,5.315,1.047,0.1096,11,410.5,False
TAG_f1p2_b1p0_t0_m2p0_s1,1.2,1.0,0,2.0,1,longitudinal,FRAG_KILL,True,FULL,5.4167,1.068,1.027,0.1096,11,490.6,False
TAG_f1p2_b1p0_t0_m2p0_s2,1.2,1.0,0,2.0,2,longitudinal,FRAG_KILL,True,FULL,5.1094,0.4379,1.0091,0.0893,11,260.3,False
TAG_f1p2_b1p0_t0_m2p0_s3,1.2,1.0,0,2.0,3,longitudinal,FRAG_KILL,True,FULL,5.0149,0.6353,1.045,0.1296,10,500.6,False
TAG_f1p2_b1p0_t0_m2p0_s4,1.2,1.0,0,2.0,4,longitudinal,FRAG_KILL,True,FULL,4.9811,0.0809,1.0086,0.1001,11,280.3,False
TAG_f1p2_b1p0_t0_m2p0_s5,1.2,1.0,0,2.0,5,longitudinal,FRAG_KILL,True,FULL,8.2639,9.7605,1.05,0.1396,11,710.8,False
TAG_f1p2_b1p0_t0_m2p5_s1,1.2,1.0,0,2.5,1,longitudinal,FRAG_KILL,True,FULL,5.4006,1.027,1.026,0.1188,11,640.7,False
TAG_f1p2_b1p0_t0_m2p5_s2,1.2,1.0,0,2.5,2,longitudinal,FRAG_KILL,True,FULL,5.0758,0.4354,1.0098,0.1,11,290.3,False
TAG_f1p2_b1p0_t0_m2p5_s3,1.2,1.0,0,2.5,3,longitudinal,FRAG_KILL,True,FULL,4.8674,0.2214,1.0027,0.0988,10,260.3,False
TAG_f1p2_b1p0_t0_m2p5_s4,1.2,1.0,0,2.5,4,longitudinal,FRAG_KILL,True,FULL,4.9826,0.0925,1.0241,0.1397,11,770.9,False
TAG_f1p2_b1p0_t0_m2p5_s5,1.2,1.0,0,2.5,5,longitudinal,FRAG_KILL,True,FULL,6.6257,4.9629,1.033,0.1287,11,620.7,False
TAG_f1p2_b1p0_t0_m3p0_s1,1.2,1.0,0,3.0,1,longitudinal,FRAG_KILL,True,FULL,5.4287,1.0194,1.015,0.1197,11,740.8,False
TAG_f1p2_b1p0_t0_m3p0_s2,1.2,1.0,0,3.0,2,longitudinal,FRAG_KILL,True,FULL,5.8854,3.1718,1.048,0.1491,11,1742.0,False
TAG_f1p2_b1p0_t0_m3p0_s3,1.2,1.0,0,3.0,3,longitudinal,FRAG_KILL,True,FULL,4.8512,0.2217,1.029,0.1294,10,760.9,False
TAG_f1p2_b1p0_t0_m3p0_s4,1.2,1.0,0,3.0,4,longitudinal,FRAG_KILL,True,FULL,5.026,0.0721,0.9813,0.1094,11,260.3,False
TAG_f1p2_b1p0_t0_m3p0_s5,1.2,1.0,0,3.0,5,longitudinal,FRAG_KILL,True,FULL,6.3542,4.542,1.0581,0.1594,11,2202.5,False
TAG_f1p2_b1p0_t90_m1p0_s1,1.2,1.0,90,1.0,1,perpendicular,FRAG_KILL,False,RADIAL_ONLY,,,0.459,,0,130.1,False
TAG_f1p2_b1p0_t90_m1p0_s2,1.2,1.0,90,1.0,2,perpendicular,FRAG_KILL,False,RADIAL_ONLY,,,0.4585,,0,130.1,False
TAG_f1p2_b1p0_t90_m1p0_s3,1.2,1.0,90,1.0,3,perpendicular,FRAG_KILL,False,RADIAL_ONLY,,,0.4556,,0,120.1,False
TAG_f1p2_b1p0_t90_m1p0_s4,1.2,1.0,90,1.0,4,perpendicular,FRAG_KILL,False,RADIAL_ONLY,,,0.457,,0,120.1,False
TAG_f1p2_b1p0_t90_m1p0_s5,1.2,1.0,90,1.0,5,perpendicular,FRAG_KILL,False,RADIAL_ONLY,,,0.469,,0,380.4,False
TAG_f1p2_b1p0_t90_m1p5_s1,1.2,1.0,90,1.5,1,perpendicular,FRAG_KILL,False,RADIAL_ONLY,,,0.4566,,0,120.1,False
TAG_f1p2_b1p0_t90_m1p5_s2,1.2,1.0,90,1.5,2,perpendicular,FRAG_KILL,False,RADIAL_ONLY,,,0.4596,,0,130.1,False
TAG_f1p2_b1p0_t90_m1p5_s3,1.2,1.0,90,1.5,3,perpendicular,FRAG_KILL,False,RADIAL_ONLY,,,0.4571,,0,120.1,False
TAG_f1p2_b1p0_t90_m1p5_s4,1.2,1.0,90,1.5,4,perpendicular,FRAG_KILL,False,RADIAL_ONLY,,,0.4574,,0,120.1,False
TAG_f1p2_b1p0_t90_m1p5_s5,1.2,1.0,90,1.5,5,perpendicular,FRAG_KILL,False,RADIAL_ONLY,,,0.4573,,0,120.1,False
TAG_f1p2_b1p0_t90_m2p0_s1,1.2,1.0,90,2.0,1,perpendicular,FRAG_KILL,False,RADIAL_ONLY,,,0.4584,,0,130.1,False
TAG_f1p2_b1p0_t90_m2p0_s2,1.2,1.0,90,2.0,2,perpendicular,FRAG_KILL,False,RADIAL_ONLY,,,0.4582,,0,120.1,False
TAG_f1p2_b1p0_t90_m2p0_s3,1.2,1.0,90,2.0,3,perpendicular,FRAG_KILL,False,RADIAL_ONLY,,,0.4558,,0,120.1,False
TAG_f1p2_b1p0_t90_m2p0_s4,1.2,1.0,90,2.0,4,perpendicular,FRAG_KILL,False,RADIAL_ONLY,,,0.4616,,0,130.1,False
TAG_f1p2_b1p0_t90_m2p0_s5,1.2,1.0,90,2.0,5,perpendicular,FRAG_KILL,False,RADIAL_ONLY,,,0.4583,,0,130.1,False
TAG_f1p2_b1p0_t90_m2p5_s1,1.2,1.0,90,2.5,1,perpendicular,FRAG_KILL,False,RADIAL_ONLY,,,0.4567,,0,120.1,False
TAG_f1p2_b1p0_t90_m2p5_s2,1.2,1.0,90,2.5,2,perpendicular,FRAG_KILL,False,RADIAL_ONLY,,,0.457,,0,120.1,False
TAG_f1p2_b1p0_t90_m2p5_s3,1.2,1.0,90,2.5,3,perpendicular,FRAG_KILL,False,RADIAL_ONLY,,,0.457,,0,120.1,False
TAG_f1p2_b1p0_t90_m2p5_s4,1.2,1.0,90,2.5,4,perpendicular,FRAG_KILL,False,RADIAL_ONLY,,,0.4548,,0,110.1,False
TAG_f1p2_b1p0_t90_m2p5_s5,1.2,1.0,90,2.5,5,perpendicular,FRAG_KILL,False,RADIAL_ONLY,,,0.4571,,0,120.1,False
TAG_f1p2_b1p0_t90_m3p0_s1,1.2,1.0,90,3.0,1,perpendicular,FRAG_KILL,False,RADIAL_ONLY,,,0.4552,,0,110.1,False
TAG_f1p2_b1p0_t90_m3p0_s2,1.2,1.0,90,3.0,2,perpendicular,FRAG_KILL,False,RADIAL_ONLY,,,0.4592,,0,130.1,False
TAG_f1p2_b1p0_t90_m3p0_s3,1.2,1.0,90,3.0,3,perpendicular,FRAG_KILL,False,RADIAL_ONLY,,,0.4591,,0,130.1,False
TAG_f1p2_b1p0_t90_m3p0_s4,1.2,1.0,90,3.0,4,perpendicular,FRAG_KILL,False,RADIAL_ONLY,,,0.4589,,0,130.1,False
TAG_f1p2_b1p0_t90_m3p0_s5,1.2,1.0,90,3.0,5,perpendicular,FRAG_KILL,False,RADIAL_ONLY,,,0.4566,,0,120.1,False
TAG_f1p2_b2p0_t0_m1p0_s1,1.2,2.0,0,1.0,1,longitudinal,FRAG_KILL,True,FULL,5.0186,0.5454,0.999,0.1299,11,1892.1,False
TAG_f1p2_b2p0_t0_m1p0_s2,1.2,2.0,0,1.0,2,longitudinal,FRAG_KILL,True,FULL,6.09,5.0725,0.994,0.1294,11,1301.5,False
TAG_f1p2_b2p0_t0_m1p0_s3,1.2,2.0,0,1.0,3,longitudinal,FRAG_KILL,True,FULL,5.1643,1.2463,0.97,0.1194,10,710.8,False
TAG_f1p2_b2p0_t0_m1p0_s4,1.2,2.0,0,1.0,4,longitudinal,FRAG_KILL,True,FULL,4.7243,0.1625,1.015,0.1597,12,1631.9,False
TAG_f1p2_b2p0_t0_m1p0_s5,1.2,2.0,0,1.0,5,longitudinal,FRAG_KILL,True,FULL,5.432,2.1053,1.025,0.1598,11,2442.8,False
TAG_f1p2_b2p0_t0_m1p5_s1,1.2,2.0,0,1.5,1,longitudinal,FRAG_KILL,True,FULL,5.004,0.5729,0.966,0.1198,11,901.0,False
TAG_f1p2_b2p0_t0_m1p5_s2,1.2,2.0,0,1.5,2,longitudinal,FRAG_KILL,True,FULL,5.9147,4.7675,0.999,0.15,11,2773.2,False
TAG_f1p2_b2p0_t0_m1p5_s3,1.2,2.0,0,1.5,3,longitudinal,FRAG_KILL,True,FULL,4.8077,0.0555,0.96,0.1196,10,740.8,False
TAG_f1p2_b2p0_t0_m1p5_s4,1.2,2.0,0,1.5,4,longitudinal,FRAG_KILL,True,FULL,4.8214,0.0998,0.963,0.1295,12,991.1,False
TAG_f1p2_b2p0_t0_m1p5_s5,1.2,2.0,0,1.5,5,longitudinal,FRAG_KILL,True,FULL,6.2604,4.8672,0.987,0.1396,11,1311.5,False
TAG_f1p2_b2p0_t0_m2p0_s1,1.2,2.0,0,2.0,1,longitudinal,FRAG_KILL,True,FULL,5.1562,1.0457,0.9681,0.1395,11,1301.5,False
TAG_f1p2_b2p0_t0_m2p0_s2,1.2,2.0,0,2.0,2,longitudinal,FRAG_KILL,True,FULL,5.8984,3.6578,0.9371,0.1094,11,570.6,False
TAG_f1p2_b2p0_t0_m2p0_s3,1.2,2.0,0,2.0,3,longitudinal,FRAG_KILL,True,FULL,4.7754,0.0818,0.978,0.1496,11,2412.7,False
TAG_f1p2_b2p0_t0_m2p0_s4,1.2,2.0,0,2.0,4,longitudinal,FRAG_KILL,True,FULL,4.7917,0.1473,0.979,0.1594,12,1902.2,False
TAG_f1p2_b2p0_t0_m2p0_s5,1.2,2.0,0,2.0,5,longitudinal,FRAG_KILL,True,FULL,9.6296,12.164,0.9024,0.0798,11,260.3,False
TAG_f1p2_b2p0_t0_m2p5_s1,1.2,2.0,0,2.5,1,longitudinal,FRAG_KILL,True,FULL,5.1471,0.9805,0.975,0.1596,11,2162.5,False
TAG_f1p2_b2p0_t0_m2p5_s2,1.2,2.0,0,2.5,2,longitudinal,FRAG_KILL,True,FULL,5.7403,3.4084,0.946,0.1296,11,1401.6,False
TAG_f1p2_b2p0_t0_m2p5_s3,1.2,2.0,0,2.5,3,longitudinal,FRAG_KILL,True,FULL,4.7752,0.0718,0.9931,0.1793,11,2012.3,False
TAG_f1p2_b2p0_t0_m2p5_s4,1.2,2.0,0,2.5,4,longitudinal,FRAG_KILL,True,FULL,4.8718,0.033,0.927,0.1194,11,650.7,False
TAG_f1p2_b2p0_t0_m2p5_s5,1.2,2.0,0,2.5,5,longitudinal,FRAG_KILL,True,FULL,7.5488,9.3962,0.968,0.1494,11,2683.1,False
TAG_f1p2_b2p0_t0_m3p0_s1,1.2,2.0,0,3.0,1,longitudinal,FRAG_KILL,True,FULL,5.0694,0.5141,0.9511,0.1393,11,1241.4,False
TAG_f1p2_b2p0_t0_m3p0_s2,1.2,2.0,0,3.0,2,longitudinal,FRAG_KILL,True,FULL,5.8013,3.5297,0.939,0.12,11,961.1,False
TAG_f1p2_b2p0_t0_m3p0_s3,1.2,2.0,0,3.0,3,longitudinal,FRAG_KILL,True,FULL,5.4036,1.5439,0.8794,0.0695,10,230.3,False
TAG_f1p2_b2p0_t0_m3p0_s4,1.2,2.0,0,3.0,4,longitudinal,FRAG_KILL,True,FULL,4.8681,0.0322,0.932,0.1397,11,911.0,False
TAG_f1p2_b2p0_t0_m3p0_s5,1.2,2.0,0,3.0,5,longitudinal,FRAG_KILL,True,FULL,9.0191,10.7783,0.918,0.1096,11,580.6,False
TAG_f1p2_b2p0_t90_m1p0_s1,1.2,2.0,90,1.0,1,perpendicular,FRAG_KILL,False,RADIAL_ONLY,,,0.4968,,0,100.1,False
TAG_f1p2_b2p0_t90_m1p0_s2,1.2,2.0,90,1.0,2,perpendicular,FRAG_KILL,False,RADIAL_ONLY,,,0.4976,,0,100.1,False
TAG_f1p2_b2p0_t90_m1p0_s3,1.2,2.0,90,1.0,3,perpendicular,FRAG_KILL,False,RADIAL_ONLY,,,0.4986,,0,100.1,False
TAG_f1p2_b2p0_t90_m1p0_s4,1.2,2.0,90,1.0,4,perpendicular,FRAG_KILL,False,RADIAL_ONLY,,,0.4991,,0,100.1,False
TAG_f1p2_b2p0_t90_m1p0_s5,1.2,2.0,90,1.0,5,perpendicular,FRAG_KILL,False,RADIAL_ONLY,,,0.4968,,0,100.1,False
TAG_f1p2_b2p0_t90_m1p5_s1,1.2,2.0,90,1.5,1,perpendicular,FRAG_KILL,False,RADIAL_ONLY,,,0.51,,0,220.2,False
TAG_f1p2_b2p0_t90_m1p5_s2,1.2,2.0,90,1.5,2,perpendicular,FRAG_KILL,False,RADIAL_ONLY,,,0.4972,,0,100.1,False
TAG_f1p2_b2p0_t90_m1p5_s3,1.2,2.0,90,1.5,3,perpendicular,FRAG_KILL,False,RADIAL_ONLY,,,0.5132,,0,250.3,False
TAG_f1p2_b2p0_t90_m1p5_s4,1.2,2.0,90,1.5,4,perpendicular,FRAG_KILL,False,RADIAL_ONLY,,,0.509,,0,240.3,False
TAG_f1p2_b2p0_t90_m1p5_s5,1.2,2.0,90,1.5,5,perpendicular,FRAG_KILL,False,RADIAL_ONLY,,,0.4978,,0,100.1,False
TAG_f1p2_b2p0_t90_m2p0_s1,1.2,2.0,90,2.0,1,perpendicular,FRAG_KILL,False,RADIAL_ONLY,,,0.4967,,0,100.1,False
TAG_f1p2_b2p0_t90_m2p0_s2,1.2,2.0,90,2.0,2,perpendicular,FRAG_KILL,False,RADIAL_ONLY,,,0.4979,,0,100.1,False
TAG_f1p2_b2p0_t90_m2p0_s3,1.2,2.0,90,2.0,3,perpendicular,FRAG_KILL,False,RADIAL_ONLY,,,0.4963,,0,100.1,False
TAG_f1p2_b2p0_t90_m2p0_s4,1.2,2.0,90,2.0,4,perpendicular,FRAG_KILL,False,RADIAL_ONLY,,,0.4989,,0,110.1,False
TAG_f1p2_b2p0_t90_m2p0_s5,1.2,2.0,90,2.0,5,perpendicular,FRAG_KILL,False,RADIAL_ONLY,,,0.508,,0,190.2,False
TAG_f1p2_b2p0_t90_m2p5_s1,1.2,2.0,90,2.5,1,perpendicular,FRAG_KILL,False,RADIAL_ONLY,,,0.5112,,0,190.2,False
TAG_f1p2_b2p0_t90_m2p5_s2,1.2,2.0,90,2.5,2,perpendicular,FRAG_KILL,False,RADIAL_ONLY,,,0.4963,,0,100.1,False
TAG_f1p2_b2p0_t90_m2p5_s3,1.2,2.0,90,2.5,3,perpendicular,FRAG_KILL,False,RADIAL_ONLY,,,0.5121,,0,270.3,False
TAG_f1p2_b2p0_t90_m2p5_s4,1.2,2.0,90,2.5,4,perpendicular,FRAG_KILL,False,RADIAL_ONLY,,,0.4983,,0,100.1,False
TAG_f1p2_b2p0_t90_m2p5_s5,1.2,2.0,90,2.5,5,perpendicular,FRAG_KILL,False,RADIAL_ONLY,,,0.511,,0,260.3,False
TAG_f1p2_b2p0_t90_m3p0_s1,1.2,2.0,90,3.0,1,perpendicular,FRAG_KILL,False,RADIAL_ONLY,,,0.4971,,0,100.1,False
TAG_f1p2_b2p0_t90_m3p0_s2,1.2,2.0,90,3.0,2,perpendicular,FRAG_KILL,False,RADIAL_ONLY,,,0.5081,,0,190.2,False
TAG_f1p2_b2p0_t90_m3p0_s3,1.2,2.0,90,3.0,3,perpendicular,FRAG_KILL,False,RADIAL_ONLY,,,0.4977,,0,100.1,False
TAG_f1p2_b2p0_t90_m3p0_s4,1.2,2.0,90,3.0,4,perpendicular,FRAG_KILL,False,RADIAL_ONLY,,,0.4967,,0,100.1,False
TAG_f1p2_b2p0_t90_m3p0_s5,1.2,2.0,90,3.0,5,perpendicular,FRAG_KILL,False,RADIAL_ONLY,,,0.4976,,0,100.1,False
TAG_f1p5_b0p3_t0_m1p0_s1,1.5,0.3,0,1.0,1,longitudinal,FRAG_KILL,True,FULL,14.0972,12.8802,1.3931,0.1091,9,370.4,False
TAG_f1p5_b0p3_t0_m1p0_s2,1.5,0.3,0,1.0,2,longitudinal,FRAG_KILL,True,FULL,6.2169,1.5337,1.3747,0.0985,9,220.2,False
TAG_f1p5_b0p3_t0_m1p0_s3,1.5,0.3,0,1.0,3,longitudinal,FRAG_KILL,True,FULL,9.1374,5.1242,1.4074,0.1495,9,300.3,False
TAG_f1p5_b0p3_t0_m1p0_s4,1.5,0.3,0,1.0,4,longitudinal,FRAG_KILL,True,FULL,6.8967,2.7526,1.3427,0.1087,6,210.2,False
TAG_f1p5_b0p3_t0_m1p0_s5,1.5,0.3,0,1.0,5,longitudinal,FRAG_KILL,True,FULL,6.9201,4.081,1.3975,0.1381,9,270.3,False
TAG_f1p5_b0p3_t0_m1p5_s1,1.5,0.3,0,1.5,1,longitudinal,FRAG_KILL,True,FULL,22.2135,13.9073,1.3068,0.0699,8,220.2,False
TAG_f1p5_b0p3_t0_m1p5_s2,1.5,0.3,0,1.5,2,longitudinal,FRAG_KILL,True,FULL,6.1538,1.6022,1.3448,0.12,9,230.3,False
TAG_f1p5_b0p3_t0_m1p5_s3,1.5,0.3,0,1.5,3,longitudinal,FRAG_KILL,True,FULL,8.8742,4.1431,1.3374,0.1191,9,220.2,False
TAG_f1p5_b0p3_t0_m1p5_s4,1.5,0.3,0,1.5,4,longitudinal,FRAG_KILL,True,FULL,7.3077,2.7409,1.3151,0.1196,7,240.3,False
TAG_f1p5_b0p3_t0_m1p5_s5,1.5,0.3,0,1.5,5,longitudinal,FRAG_KILL,True,FULL,5.8445,0.0968,1.3458,0.1291,9,250.3,False
TAG_f1p5_b0p3_t0_m2p0_s1,1.5,0.3,0,2.0,1,longitudinal,FRAG_KILL,True,FULL,20.6019,13.889,1.2806,0.0785,8,230.2,False
TAG_f1p5_b0p3_t0_m2p0_s2,1.5,0.3,0,2.0,2,longitudinal,FRAG_KILL,True,FULL,6.3318,1.7616,1.3245,0.1292,9,240.3,False
TAG_f1p5_b0p3_t0_m2p0_s3,1.5,0.3,0,2.0,3,longitudinal,FRAG_KILL,True,FULL,9.0196,4.7334,1.3315,0.1599,9,280.3,False
TAG_f1p5_b0p3_t0_m2p0_s4,1.5,0.3,0,2.0,4,longitudinal,FRAG_KILL,True,FULL,6.7468,2.665,1.2861,0.1182,6,230.3,False
TAG_f1p5_b0p3_t0_m2p0_s5,1.5,0.3,0,2.0,5,longitudinal,FRAG_KILL,True,FULL,5.8437,0.0833,1.3239,0.1394,9,280.3,False
TAG_f1p5_b0p3_t0_m2p5_s1,1.5,0.3,0,2.5,1,longitudinal,FRAG_KILL,True,FULL,15.0037,13.4111,1.314,0.1293,9,650.7,False
TAG_f1p5_b0p3_t0_m2p5_s2,1.5,0.3,0,2.5,2,longitudinal,FRAG_KILL,True,FULL,6.3662,1.7283,1.2913,0.1186,9,220.2,False
TAG_f1p5_b0p3_t0_m2p5_s3,1.5,0.3,0,2.5,3,longitudinal,FRAG_KILL,True,FULL,9.0551,3.9759,1.2882,0.1286,9,230.3,False
TAG_f1p5_b0p3_t0_m2p5_s4,1.5,0.3,0,2.5,4,longitudinal,FRAG_KILL,True,FULL,7.0573,2.7379,1.2645,0.1286,8,250.3,False
TAG_f1p5_b0p3_t0_m2p5_s5,1.5,0.3,0,2.5,5,longitudinal,FRAG_KILL,True,FULL,5.8403,0.1074,1.2968,0.1399,9,260.3,False
TAG_f1p5_b0p3_t0_m3p0_s1,1.5,0.3,0,3.0,1,longitudinal,FRAG_KILL,True,FULL,29.1071,10.5555,1.2174,0.0587,5,210.2,False
TAG_f1p5_b0p3_t0_m3p0_s2,1.5,0.3,0,3.0,2,longitudinal,FRAG_KILL,True,FULL,6.4366,1.7853,1.2621,0.1099,9,210.2,False
TAG_f1p5_b0p3_t0_m3p0_s3,1.5,0.3,0,3.0,3,longitudinal,FRAG_KILL,True,FULL,8.8264,3.924,1.2787,0.1396,9,250.3,False
TAG_f1p5_b0p3_t0_m3p0_s4,1.5,0.3,0,3.0,4,longitudinal,FRAG_KILL,True,FULL,6.9829,2.7754,1.2482,0.1294,7,230.3,False
TAG_f1p5_b0p3_t0_m3p0_s5,1.5,0.3,0,3.0,5,longitudinal,FRAG_KILL,True,FULL,5.8398,0.104,1.2859,0.1488,9,280.3,False
TAG_f1p5_b0p3_t90_m1p0_s1,1.5,0.3,90,1.0,1,perpendicular,FRAG_KILL,False,RADIAL_ONLY,,,0.4411,,0,220.2,False
TAG_f1p5_b0p3_t90_m1p0_s2,1.5,0.3,90,1.0,2,perpendicular,FRAG_KILL,False,RADIAL_ONLY,,,0.4332,,0,170.2,False
TAG_f1p5_b0p3_t90_m1p0_s3,1.5,0.3,90,1.0,3,perpendicular,FRAG_KILL,False,RADIAL_ONLY,,,0.533,,0,670.7,False
TAG_f1p5_b0p3_t90_m1p0_s4,1.5,0.3,90,1.0,4,perpendicular,FRAG_KILL,False,RADIAL_ONLY,,,0.504,,0,490.5,False
TAG_f1p5_b0p3_t90_m1p0_s5,1.5,0.3,90,1.0,5,perpendicular,FRAG_KILL,False,RADIAL_ONLY,,,0.4371,,0,160.2,False
TAG_f1p5_b0p3_t90_m1p5_s1,1.5,0.3,90,1.5,1,perpendicular,FRAG_KILL,False,RADIAL_ONLY,,,0.434,,0,200.2,False
TAG_f1p5_b0p3_t90_m1p5_s2,1.5,0.3,90,1.5,2,perpendicular,FRAG_KILL,False,RADIAL_ONLY,,,0.479,,0,320.4,False
TAG_f1p5_b0p3_t90_m1p5_s3,1.5,0.3,90,1.5,3,perpendicular,FRAG_KILL,False,RADIAL_ONLY,,,0.4961,,0,540.6,False
TAG_f1p5_b0p3_t90_m1p5_s4,1.5,0.3,90,1.5,4,perpendicular,FRAG_KILL,False,RADIAL_ONLY,,,0.509,,0,560.6,False
TAG_f1p5_b0p3_t90_m1p5_s5,1.5,0.3,90,1.5,5,perpendicular,FRAG_KILL,False,RADIAL_ONLY,,,0.437,,0,320.3,False
TAG_f1p5_b0p3_t90_m2p0_s1,1.5,0.3,90,2.0,1,perpendicular,FRAG_KILL,False,RADIAL_ONLY,,,0.4901,,0,630.7,False
TAG_f1p5_b0p3_t90_m2p0_s2,1.5,0.3,90,2.0,2,perpendicular,FRAG_KILL,False,RADIAL_ONLY,,,0.485,,0,430.5,False
TAG_f1p5_b0p3_t90_m2p0_s3,1.5,0.3,90,2.0,3,perpendicular,FRAG_KILL,False,RADIAL_ONLY,,,0.4861,,0,340.4,False
TAG_f1p5_b0p3_t90_m2p0_s4,1.5,0.3,90,2.0,4,perpendicular,FRAG_KILL,False,RADIAL_ONLY,,,0.4351,,0,170.2,False
TAG_f1p5_b0p3_t90_m2p0_s5,1.5,0.3,90,2.0,5,perpendicular,FRAG_KILL,False,RADIAL_ONLY,,,0.528,,0,520.6,False
TAG_f1p5_b0p3_t90_m2p5_s1,1.5,0.3,90,2.5,1,perpendicular,FRAG_KILL,False,RADIAL_ONLY,,,0.441,,0,170.2,False
TAG_f1p5_b0p3_t90_m2p5_s2,1.5,0.3,90,2.5,2,perpendicular,FRAG_KILL,False,RADIAL_ONLY,,,0.507,,0,1031.1,False
TAG_f1p5_b0p3_t90_m2p5_s3,1.5,0.3,90,2.5,3,perpendicular,FRAG_KILL,False,RADIAL_ONLY,,,0.5211,,0,550.6,False
TAG_f1p5_b0p3_t90_m2p5_s4,1.5,0.3,90,2.5,4,perpendicular,FRAG_KILL,False,RADIAL_ONLY,,,0.4981,,0,350.4,False
TAG_f1p5_b0p3_t90_m2p5_s5,1.5,0.3,90,2.5,5,perpendicular,FRAG_KILL,False,RADIAL_ONLY,,,0.441,,0,280.3,False
TAG_f1p5_b0p3_t90_m3p0_s1,1.5,0.3,90,3.0,1,perpendicular,FRAG_KILL,False,RADIAL_ONLY,,,0.49,,0,370.4,False
TAG_f1p5_b0p3_t90_m3p0_s2,1.5,0.3,90,3.0,2,perpendicular,FRAG_KILL,False,RADIAL_ONLY,,,0.4791,,0,650.7,False
TAG_f1p5_b0p3_t90_m3p0_s3,1.5,0.3,90,3.0,3,perpendicular,FRAG_KILL,False,RADIAL_ONLY,,,0.4961,,0,670.7,False
TAG_f1p5_b0p3_t90_m3p0_s4,1.5,0.3,90,3.0,4,perpendicular,FRAG_KILL,False,RADIAL_ONLY,,,0.4341,,0,200.2,False
TAG_f1p5_b0p3_t90_m3p0_s5,1.5,0.3,90,3.0,5,perpendicular,FRAG_KILL,False,RADIAL_ONLY,,,0.527,,0,891.0,False
TAG_f1p5_b0p5_t0_m1p0_s1,1.5,0.5,0,1.0,1,longitudinal,FRAG_KILL,True,FULL,5.7448,1.1397,1.1258,0.0898,10,260.3,False
TAG_f1p5_b0p5_t0_m1p0_s2,1.5,0.5,0,1.0,2,longitudinal,FRAG_KILL,True,FULL,5.4403,0.7601,1.1375,0.0989,11,280.3,False
TAG_f1p5_b0p5_t0_m1p0_s3,1.5,0.5,0,1.0,3,longitudinal,FRAG_KILL,True,FULL,5.0781,0.595,1.185,0.1494,10,911.0,False
TAG_f1p5_b0p5_t0_m1p0_s4,1.5,0.5,0,1.0,4,longitudinal,FRAG_KILL,True,FULL,5.1153,0.1248,1.1407,0.1287,10,320.4,False
TAG_f1p5_b0p5_t0_m1p0_s5,1.5,0.5,0,1.0,5,longitudinal,FRAG_KILL,True,FULL,9.8343,11.0583,1.1371,0.0992,11,260.3,False
TAG_f1p5_b0p5_t0_m1p5_s1,1.5,0.5,0,1.5,1,longitudinal,FRAG_KILL,True,FULL,6.0127,1.2274,1.097,0.0802,10,280.3,False
TAG_f1p5_b0p5_t0_m1p5_s2,1.5,0.5,0,1.5,2,longitudinal,FRAG_KILL,True,FULL,5.3966,0.7093,1.1209,0.1188,11,300.3,False
TAG_f1p5_b0p5_t0_m1p5_s3,1.5,0.5,0,1.5,3,longitudinal,FRAG_KILL,True,FULL,5.1011,0.5696,1.168,0.1592,10,1351.6,False
TAG_f1p5_b0p5_t0_m1p5_s4,1.5,0.5,0,1.5,4,longitudinal,FRAG_KILL,True,FULL,5.0781,0.1009,1.0547,0.0688,8,180.2,False
TAG_f1p5_b0p5_t0_m1p5_s5,1.5,0.5,0,1.5,5,longitudinal,FRAG_KILL,True,FULL,10.3299,11.4034,1.1137,0.1091,11,260.3,False
TAG_f1p5_b0p5_t0_m2p0_s1,1.5,0.5,0,2.0,1,longitudinal,FRAG_KILL,True,FULL,6.0185,1.2323,1.079,0.079,10,290.3,False
TAG_f1p5_b0p5_t0_m2p0_s2,1.5,0.5,0,2.0,2,longitudinal,FRAG_KILL,True,FULL,5.408,0.7307,1.0923,0.1091,11,260.3,False
TAG_f1p5_b0p5_t0_m2p0_s3,1.5,0.5,0,2.0,3,longitudinal,FRAG_KILL,True,FULL,5.1345,0.1966,1.0936,0.1092,9,270.3,False
TAG_f1p5_b0p5_t0_m2p0_s4,1.5,0.5,0,2.0,4,longitudinal,FRAG_KILL,True,FULL,5.2451,0.1947,1.121,0.159,10,1131.3,False
TAG_f1p5_b0p5_t0_m2p0_s5,1.5,0.5,0,2.0,5,longitudinal,FRAG_KILL,True,FULL,8.1548,9.9318,1.119,0.1294,11,630.7,False
TAG_f1p5_b0p5_t0_m2p5_s1,1.5,0.5,0,2.5,1,longitudinal,FRAG_KILL,True,FULL,5.9583,1.182,1.0669,0.0894,10,300.3,False
TAG_f1p5_b0p5_t0_m2p5_s2,1.5,0.5,0,2.5,2,longitudinal,FRAG_KILL,True,FULL,5.8021,0.8873,1.0684,0.0893,11,240.3,False
TAG_f1p5_b0p5_t0_m2p5_s3,1.5,0.5,0,2.5,3,longitudinal,FRAG_KILL,True,FULL,5.4207,1.1595,1.0847,0.1198,9,290.3,False
TAG_f1p5_b0p5_t0_m2p5_s4,1.5,0.5,0,2.5,4,longitudinal,FRAG_KILL,True,FULL,5.601,1.582,1.0632,0.1195,10,270.3,False
TAG_f1p5_b0p5_t0_m2p5_s5,1.5,0.5,0,2.5,5,longitudinal,FRAG_KILL,True,FULL,10.2517,11.4622,1.0793,0.1098,11,280.3,False
TAG_f1p5_b0p5_t0_m3p0_s1,1.5,0.5,0,3.0,1,longitudinal,FRAG_KILL,True,FULL,9.0156,8.9433,1.0484,0.0888,10,270.3,False
TAG_f1p5_b0p5_t0_m3p0_s2,1.5,0.5,0,3.0,2,longitudinal,FRAG_KILL,True,FULL,5.4601,0.6767,1.063,0.1085,11,250.3,False
TAG_f1p5_b0p5_t0_m3p0_s3,1.5,0.5,0,3.0,3,longitudinal,FRAG_KILL,True,FULL,5.1322,0.2344,1.0721,0.1188,9,290.3,False
TAG_f1p5_b0p5_t0_m3p0_s4,1.5,0.5,0,3.0,4,longitudinal,FRAG_KILL,True,FULL,5.1042,0.2308,1.0387,0.0984,10,230.3,False
TAG_f1p5_b0p5_t0_m3p0_s5,1.5,0.5,0,3.0,5,longitudinal,FRAG_KILL,True,FULL,7.9861,9.6445,1.099,0.1389,11,730.8,False
TAG_f1p5_b0p5_t90_m1p0_s1,1.5,0.5,90,1.0,1,perpendicular,FRAG_KILL,False,RADIAL_ONLY,,,0.448,,0,400.4,False
TAG_f1p5_b0p5_t90_m1p0_s2,1.5,0.5,90,1.0,2,perpendicular,FRAG_KILL,False,RADIAL_ONLY,,,0.439,,0,300.3,False
TAG_f1p5_b0p5_t90_m1p0_s3,1.5,0.5,90,1.0,3,perpendicular,FRAG_KILL,False,RADIAL_ONLY,,,0.4241,,0,240.2,False
TAG_f1p5_b0p5_t90_m1p0_s4,1.5,0.5,90,1.0,4,perpendicular,FRAG_KILL,False,RADIAL_ONLY,,,0.4161,,0,220.2,False
TAG_f1p5_b0p5_t90_m1p0_s5,1.5,0.5,90,1.0,5,perpendicular,FRAG_KILL,False,RADIAL_ONLY,,,0.503,,0,700.8,False
TAG_f1p5_b0p5_t90_m1p5_s1,1.5,0.5,90,1.5,1,perpendicular,FRAG_KILL,False,RADIAL_ONLY,,,0.4081,,0,140.2,False
TAG_f1p5_b0p5_t90_m1p5_s2,1.5,0.5,90,1.5,2,perpendicular,FRAG_KILL,False,RADIAL_ONLY,,,0.43,,0,210.2,False
TAG_f1p5_b0p5_t90_m1p5_s3,1.5,0.5,90,1.5,3,perpendicular,FRAG_KILL,False,RADIAL_ONLY,,,0.414,,0,200.2,False
TAG_f1p5_b0p5_t90_m1p5_s4,1.5,0.5,90,1.5,4,perpendicular,FRAG_KILL,False,RADIAL_ONLY,,,0.4181,,0,220.2,False
TAG_f1p5_b0p5_t90_m1p5_s5,1.5,0.5,90,1.5,5,perpendicular,FRAG_KILL,False,RADIAL_ONLY,,,0.441,,0,300.3,False
TAG_f1p5_b0p5_t90_m2p0_s1,1.5,0.5,90,2.0,1,perpendicular,FRAG_KILL,False,RADIAL_ONLY,,,0.4512,,0,330.4,False
TAG_f1p5_b0p5_t90_m2p0_s2,1.5,0.5,90,2.0,2,perpendicular,FRAG_KILL,False,RADIAL_ONLY,,,0.427,,0,290.3,False
TAG_f1p5_b0p5_t90_m2p0_s3,1.5,0.5,90,2.0,3,perpendicular,FRAG_KILL,False,RADIAL_ONLY,,,0.443,,0,340.4,False
TAG_f1p5_b0p5_t90_m2p0_s4,1.5,0.5,90,2.0,4,perpendicular,FRAG_KILL,False,RADIAL_ONLY,,,0.4141,,0,220.2,False
TAG_f1p5_b0p5_t90_m2p0_s5,1.5,0.5,90,2.0,5,perpendicular,FRAG_KILL,False,RADIAL_ONLY,,,0.4161,,0,290.3,False
TAG_f1p5_b0p5_t90_m2p5_s1,1.5,0.5,90,2.5,1,perpendicular,FRAG_KILL,False,RADIAL_ONLY,,,0.414,,0,180.2,False
TAG_f1p5_b0p5_t90_m2p5_s2,1.5,0.5,90,2.5,2,perpendicular,FRAG_KILL,False,RADIAL_ONLY,,,0.4112,,0,230.2,False
TAG_f1p5_b0p5_t90_m2p5_s3,1.5,0.5,90,2.5,3,perpendicular,FRAG_KILL,False,RADIAL_ONLY,,,0.459,,0,470.5,False
TAG_f1p5_b0p5_t90_m2p5_s4,1.5,0.5,90,2.5,4,perpendicular,FRAG_KILL,False,RADIAL_ONLY,,,0.4361,,0,510.6,False
TAG_f1p5_b0p5_t90_m2p5_s5,1.5,0.5,90,2.5,5,perpendicular,FRAG_KILL,False,RADIAL_ONLY,,,0.418,,0,280.3,False
TAG_f1p5_b0p5_t90_m3p0_s1,1.5,0.5,90,3.0,1,perpendicular,FRAG_KILL,False,RADIAL_ONLY,,,0.4142,,0,160.2,False
TAG_f1p5_b0p5_t90_m3p0_s2,1.5,0.5,90,3.0,2,perpendicular,FRAG_KILL,False,RADIAL_ONLY,,,0.4101,,0,170.2,False
TAG_f1p5_b0p5_t90_m3p0_s3,1.5,0.5,90,3.0,3,perpendicular,FRAG_KILL,False,RADIAL_ONLY,,,0.4131,,0,240.3,False
TAG_f1p5_b0p5_t90_m3p0_s4,1.5,0.5,90,3.0,4,perpendicular,FRAG_KILL,False,RADIAL_ONLY,,,0.4301,,0,260.3,False
TAG_f1p5_b0p5_t90_m3p0_s5,1.5,0.5,90,3.0,5,perpendicular,FRAG_KILL,False,RADIAL_ONLY,,,0.4201,,0,370.4,False
TAG_f1p5_b1p0_t0_m1p0_s1,1.5,1.0,0,1.0,1,longitudinal,FRAG_KILL,True,FULL,5.1746,0.9478,1.049,0.1599,11,1631.9,False
TAG_f1p5_b1p0_t0_m1p0_s2,1.5,1.0,0,1.0,2,longitudinal,FRAG_KILL,True,FULL,5.7478,3.4062,1.017,0.1289,11,1551.7,False
TAG_f1p5_b1p0_t0_m1p0_s3,1.5,1.0,0,1.0,3,longitudinal,FRAG_KILL,True,FULL,4.8277,0.0747,1.0011,0.1195,10,630.7,False
TAG_f1p5_b1p0_t0_m1p0_s4,1.5,1.0,0,1.0,4,longitudinal,FRAG_KILL,True,FULL,4.8646,0.0304,1.0631,0.1896,11,2152.5,False
TAG_f1p5_b1p0_t0_m1p0_s5,1.5,1.0,0,1.0,5,longitudinal,FRAG_KILL,True,FULL,7.9353,9.9853,1.016,0.1297,11,770.9,False
TAG_f1p5_b1p0_t0_m1p5_s1,1.5,1.0,0,1.5,1,longitudinal,FRAG_KILL,True,FULL,5.2845,1.0626,0.981,0.1197,11,901.0,False
TAG_f1p5_b1p0_t0_m1p5_s2,1.5,1.0,0,1.5,2,longitudinal,FRAG_KILL,True,FULL,7.0052,5.5638,0.979,0.1099,11,520.6,False
TAG_f1p5_b1p0_t0_m1p5_s3,1.5,1.0,0,1.5,3,longitudinal,FRAG_KILL,True,FULL,4.8532,0.1106,0.965,0.0989,10,330.4,False
TAG_f1p5_b1p0_t0_m1p5_s4,1.5,1.0,0,1.5,4,longitudinal,FRAG_KILL,True,FULL,4.8758,0.0325,0.9741,0.119,11,770.8,False
TAG_f1p5_b1p0_t0_m1p5_s5,1.5,1.0,0,1.5,5,longitudinal,FRAG_KILL,True,FULL,6.3229,4.8494,1.0,0.1392,11,831.0,False
TAG_f1p5_b1p0_t0_m2p0_s1,1.5,1.0,0,2.0,1,longitudinal,FRAG_KILL,True,FULL,5.1693,0.5646,0.963,0.1099,11,830.9,False
TAG_f1p5_b1p0_t0_m2p0_s2,1.5,1.0,0,2.0,2,longitudinal,FRAG_KILL,True,FULL,5.5044,2.9537,1.025,0.1789,11,2643.1,False
TAG_f1p5_b1p0_t0_m2p0_s3,1.5,1.0,0,2.0,3,longitudinal,FRAG_KILL,True,FULL,5.1424,1.1625,0.9801,0.1397,10,1081.2,False
TAG_f1p5_b1p0_t0_m2p0_s4,1.5,1.0,0,2.0,4,longitudinal,FRAG_KILL,True,FULL,4.8915,0.0449,0.945,0.1092,11,390.4,False
TAG_f1p5_b1p0_t0_m2p0_s5,1.5,1.0,0,2.0,5,longitudinal,FRAG_KILL,True,FULL,9.9427,11.5993,0.9398,0.0897,11,260.3,False
TAG_f1p5_b1p0_t0_m2p5_s1,1.5,1.0,0,2.5,1,longitudinal,FRAG_KILL,True,FULL,5.3516,1.0894,0.944,0.1088,11,530.6,False
TAG_f1p5_b1p0_t0_m2p5_s2,1.5,1.0,0,2.5,2,longitudinal,FRAG_KILL,True,FULL,5.2669,1.6455,0.9881,0.1493,11,1962.3,False
TAG_f1p5_b1p0_t0_m2p5_s3,1.5,1.0,0,2.5,3,longitudinal,FRAG_KILL,True,FULL,4.8478,0.1494,0.9521,0.119,10,570.7,False
TAG_f1p5_b1p0_t0_m2p5_s4,1.5,1.0,0,2.5,4,longitudinal,FRAG_KILL,True,FULL,4.8918,0.0558,0.944,0.1191,11,440.5,False
TAG_f1p5_b1p0_t0_m2p5_s5,1.5,1.0,0,2.5,5,longitudinal,FRAG_KILL,True,FULL,8.7901,10.3887,0.9581,0.119,11,660.8,False
TAG_f1p5_b1p0_t0_m3p0_s1,1.5,1.0,0,3.0,1,longitudinal,FRAG_KILL,True,FULL,5.393,1.1288,0.9251,0.0991,11,450.5,False
TAG_f1p5_b1p0_t0_m3p0_s2,1.5,1.0,0,3.0,2,longitudinal,FRAG_KILL,True,FULL,5.2702,1.6445,0.979,0.1497,11,1261.4,False
TAG_f1p5_b1p0_t0_m3p0_s3,1.5,1.0,0,3.0,3,longitudinal,FRAG_KILL,True,FULL,4.9702,0.6369,0.95,0.1291,10,810.9,False
TAG_f1p5_b1p0_t0_m3p0_s4,1.5,1.0,0,3.0,4,longitudinal,FRAG_KILL,True,FULL,4.8996,0.0606,0.94,0.1295,11,480.5,False
TAG_f1p5_b1p0_t0_m3p0_s5,1.5,1.0,0,3.0,5,longitudinal,FRAG_KILL,True,FULL,8.2882,9.7566,0.966,0.139,11,861.0,False
TAG_f1p5_b1p0_t90_m1p0_s1,1.5,1.0,90,1.0,1,perpendicular,FRAG_KILL,False,RADIAL_ONLY,,,0.4157,,0,100.1,False
TAG_f1p5_b1p0_t90_m1p0_s2,1.5,1.0,90,1.0,2,perpendicular,FRAG_KILL,False,RADIAL_ONLY,,,0.4147,,0,100.1,False
TAG_f1p5_b1p0_t90_m1p0_s3,1.5,1.0,90,1.0,3,perpendicular,FRAG_KILL,False,RADIAL_ONLY,,,0.4151,,0,100.1,False
TAG_f1p5_b1p0_t90_m1p0_s4,1.5,1.0,90,1.0,4,perpendicular,FRAG_KILL,False,RADIAL_ONLY,,,0.4155,,0,100.1,False
TAG_f1p5_b1p0_t90_m1p0_s5,1.5,1.0,90,1.0,5,perpendicular,FRAG_KILL,False,RADIAL_ONLY,,,0.4152,,0,100.1,False
TAG_f1p5_b1p0_t90_m1p5_s1,1.5,1.0,90,1.5,1,perpendicular,FRAG_KILL,False,RADIAL_ONLY,,,0.4142,,0,100.1,False
TAG_f1p5_b1p0_t90_m1p5_s2,1.5,1.0,90,1.5,2,perpendicular,FRAG_KILL,False,RADIAL_ONLY,,,0.4149,,0,100.1,False
TAG_f1p5_b1p0_t90_m1p5_s3,1.5,1.0,90,1.5,3,perpendicular,FRAG_KILL,False,RADIAL_ONLY,,,0.4157,,0,100.1,False
TAG_f1p5_b1p0_t90_m1p5_s4,1.5,1.0,90,1.5,4,perpendicular,FRAG_KILL,False,RADIAL_ONLY,,,0.4157,,0,100.1,False
TAG_f1p5_b1p0_t90_m1p5_s5,1.5,1.0,90,1.5,5,perpendicular,FRAG_KILL,False,RADIAL_ONLY,,,0.4158,,0,110.1,False
TAG_f1p5_b1p0_t90_m2p0_s1,1.5,1.0,90,2.0,1,perpendicular,FRAG_KILL,False,RADIAL_ONLY,,,0.416,,0,110.1,False
TAG_f1p5_b1p0_t90_m2p0_s2,1.5,1.0,90,2.0,2,perpendicular,FRAG_KILL,False,RADIAL_ONLY,,,0.4156,,0,100.1,False
TAG_f1p5_b1p0_t90_m2p0_s3,1.5,1.0,90,2.0,3,perpendicular,FRAG_KILL,False,RADIAL_ONLY,,,0.4161,,0,100.1,False
TAG_f1p5_b1p0_t90_m2p0_s4,1.5,1.0,90,2.0,4,perpendicular,FRAG_KILL,False,RADIAL_ONLY,,,0.4159,,0,100.1,False
TAG_f1p5_b1p0_t90_m2p0_s5,1.5,1.0,90,2.0,5,perpendicular,FRAG_KILL,False,RADIAL_ONLY,,,0.4157,,0,100.1,False
TAG_f1p5_b1p0_t90_m2p5_s1,1.5,1.0,90,2.5,1,perpendicular,FRAG_KILL,False,RADIAL_ONLY,,,0.4158,,0,110.1,False
TAG_f1p5_b1p0_t90_m2p5_s2,1.5,1.0,90,2.5,2,perpendicular,FRAG_KILL,False,RADIAL_ONLY,,,0.4146,,0,100.1,False
TAG_f1p5_b1p0_t90_m2p5_s3,1.5,1.0,90,2.5,3,perpendicular,FRAG_KILL,False,RADIAL_ONLY,,,0.4154,,0,100.1,False
TAG_f1p5_b1p0_t90_m2p5_s4,1.5,1.0,90,2.5,4,perpendicular,FRAG_KILL,False,RADIAL_ONLY,,,0.4148,,0,100.1,False
TAG_f1p5_b1p0_t90_m2p5_s5,1.5,1.0,90,2.5,5,perpendicular,FRAG_KILL,False,RADIAL_ONLY,,,0.4151,,0,100.1,False
TAG_f1p5_b1p0_t90_m3p0_s1,1.5,1.0,90,3.0,1,perpendicular,FRAG_KILL,False,RADIAL_ONLY,,,0.4151,,0,100.1,False
TAG_f1p5_b1p0_t90_m3p0_s2,1.5,1.0,90,3.0,2,perpendicular,FRAG_KILL,False,RADIAL_ONLY,,,0.4149,,0,100.1,False
TAG_f1p5_b1p0_t90_m3p0_s3,1.5,1.0,90,3.0,3,perpendicular,FRAG_KILL,False,RADIAL_ONLY,,,0.4146,,0,100.1,False
TAG_f1p5_b1p0_t90_m3p0_s4,1.5,1.0,90,3.0,4,perpendicular,FRAG_KILL,False,RADIAL_ONLY,,,0.4155,,0,100.1,False
TAG_f1p5_b1p0_t90_m3p0_s5,1.5,1.0,90,3.0,5,perpendicular,FRAG_KILL,False,RADIAL_ONLY,,,0.4155,,0,100.1,False
TAG_f1p5_b2p0_t0_m1p0_s1,1.5,2.0,0,1.0,1,longitudinal,FRAG_KILL,True,FULL,5.3255,0.955,0.8337,0.0296,10,200.2,False
TAG_f1p5_b2p0_t0_m1p0_s2,1.5,2.0,0,1.0,2,longitudinal,FRAG_KILL,True,FULL,8.0122,7.3186,0.8561,0.0496,11,240.3,False
TAG_f1p5_b2p0_t0_m1p0_s3,1.5,2.0,0,1.0,3,longitudinal,FRAG_KILL,True,FULL,4.7222,0.0388,0.8558,0.0497,10,240.3,False
TAG_f1p5_b2p0_t0_m1p0_s4,1.5,2.0,0,1.0,4,longitudinal,FRAG_KILL,True,FULL,4.8438,0.0521,0.8278,0.0301,8,210.2,False
TAG_f1p5_b2p0_t0_m1p0_s5,1.5,2.0,0,1.0,5,longitudinal,FRAG_KILL,True,FULL,7.4479,6.4124,0.878,0.07,11,450.5,False
TAG_f1p5_b2p0_t0_m1p5_s1,1.5,2.0,0,1.5,1,longitudinal,FRAG_KILL,True,FULL,4.7545,0.0665,0.919,0.13,12,2342.6,False
TAG_f1p5_b2p0_t0_m1p5_s2,1.5,2.0,0,1.5,2,longitudinal,FRAG_KILL,True,FULL,6.6458,5.9103,0.872,0.0899,11,1321.5,False
TAG_f1p5_b2p0_t0_m1p5_s3,1.5,2.0,0,1.5,3,longitudinal,FRAG_KILL,True,FULL,4.707,0.0362,0.851,0.0699,10,300.3,False
TAG_f1p5_b2p0_t0_m1p5_s4,1.5,2.0,0,1.5,4,longitudinal,FRAG_KILL,True,FULL,4.8307,0.0432,0.8085,0.0299,7,190.2,False
TAG_f1p5_b2p0_t0_m1p5_s5,1.5,2.0,0,1.5,5,longitudinal,FRAG_KILL,True,FULL,6.5668,5.3819,0.898,0.1098,11,1221.4,False
TAG_f1p5_b2p0_t0_m2p0_s1,1.5,2.0,0,2.0,1,longitudinal,FRAG_KILL,True,FULL,4.9074,0.5084,0.946,0.1695,12,2713.1,False
TAG_f1p5_b2p0_t0_m2p0_s2,1.5,2.0,0,2.0,2,longitudinal,FRAG_KILL,True,FULL,7.5223,6.8812,0.8323,0.0596,11,250.3,False
TAG_f1p5_b2p0_t0_m2p0_s3,1.5,2.0,0,2.0,3,longitudinal,FRAG_KILL,True,FULL,4.7693,0.0829,0.838,0.0597,10,270.3,False
TAG_f1p5_b2p0_t0_m2p0_s4,1.5,2.0,0,2.0,4,longitudinal,FRAG_KILL,True,FULL,4.8289,0.0537,0.8252,0.0598,11,240.3,False
TAG_f1p5_b2p0_t0_m2p0_s5,1.5,2.0,0,2.0,5,longitudinal,FRAG_KILL,True,FULL,6.5799,5.3934,0.8821,0.1096,11,670.8,False
TAG_f1p5_b2p0_t0_m2p5_s1,1.5,2.0,0,2.5,1,longitudinal,FRAG_KILL,True,FULL,4.8237,0.0663,0.881,0.12,11,1151.3,False
TAG_f1p5_b2p0_t0_m2p5_s2,1.5,2.0,0,2.5,2,longitudinal,FRAG_KILL,True,FULL,7.1615,6.5072,0.835,0.0695,11,320.4,False
TAG_f1p5_b2p0_t0_m2p5_s3,1.5,2.0,0,2.5,3,longitudinal,FRAG_KILL,True,FULL,4.7693,0.0829,0.8235,0.0598,10,230.2,False
TAG_f1p5_b2p0_t0_m2p5_s4,1.5,2.0,0,2.5,4,longitudinal,FRAG_KILL,True,FULL,4.8512,0.0515,0.82,0.0596,11,250.3,False
TAG_f1p5_b2p0_t0_m2p5_s5,1.5,2.0,0,2.5,5,longitudinal,FRAG_KILL,True,FULL,6.4543,5.1998,0.884,0.1196,11,1351.5,False
TAG_f1p5_b2p0_t0_m3p0_s1,1.5,2.0,0,3.0,1,longitudinal,FRAG_KILL,True,FULL,4.8177,0.0645,0.8861,0.1297,11,1251.4,False
TAG_f1p5_b2p0_t0_m3p0_s2,1.5,2.0,0,3.0,2,longitudinal,FRAG_KILL,True,FULL,6.3238,5.4439,0.8601,0.1098,11,740.8,False
TAG_f1p5_b2p0_t0_m3p0_s3,1.5,2.0,0,3.0,3,longitudinal,FRAG_KILL,True,FULL,4.7465,0.1039,0.89,0.1398,11,2032.3,False
TAG_f1p5_b2p0_t0_m3p0_s4,1.5,2.0,0,3.0,4,longitudinal,FRAG_KILL,True,FULL,4.7273,0.1652,0.909,0.16,12,2613.0,False
TAG_f1p5_b2p0_t0_m3p0_s5,1.5,2.0,0,3.0,5,longitudinal,FRAG_KILL,True,FULL,6.4784,5.1939,0.871,0.1196,11,1141.3,False
TAG_f1p5_b2p0_t90_m1p0_s1,1.5,2.0,90,1.0,1,perpendicular,FRAG_KILL,False,RADIAL_ONLY,,,0.5241,,0,600.7,False
TAG_f1p5_b2p0_t90_m1p0_s2,1.5,2.0,90,1.0,2,perpendicular,FRAG_KILL,False,RADIAL_ONLY,,,0.4902,,0,200.2,False
TAG_f1p5_b2p0_t90_m1p0_s3,1.5,2.0,90,1.0,3,perpendicular,FRAG_KILL,False,RADIAL_ONLY,,,0.4872,,0,180.2,False
TAG_f1p5_b2p0_t90_m1p0_s4,1.5,2.0,90,1.0,4,perpendicular,FRAG_KILL,False,RADIAL_ONLY,,,0.4871,,0,270.3,False
TAG_f1p5_b2p0_t90_m1p0_s5,1.5,2.0,90,1.0,5,perpendicular,FRAG_KILL,False,RADIAL_ONLY,,,0.4923,,0,210.2,False
TAG_f1p5_b2p0_t90_m1p5_s1,1.5,2.0,90,1.5,1,perpendicular,FRAG_KILL,False,RADIAL_ONLY,,,0.5041,,0,350.4,False
TAG_f1p5_b2p0_t90_m1p5_s2,1.5,2.0,90,1.5,2,perpendicular,FRAG_KILL,False,RADIAL_ONLY,,,0.513,,0,350.4,False
TAG_f1p5_b2p0_t90_m1p5_s3,1.5,2.0,90,1.5,3,perpendicular,FRAG_KILL,False,RADIAL_ONLY,,,0.5111,,0,400.4,False
TAG_f1p5_b2p0_t90_m1p5_s4,1.5,2.0,90,1.5,4,perpendicular,FRAG_KILL,False,RADIAL_ONLY,,,0.504,,0,340.4,False
TAG_f1p5_b2p0_t90_m1p5_s5,1.5,2.0,90,1.5,5,perpendicular,FRAG_KILL,False,RADIAL_ONLY,,,0.4931,,0,220.2,False
TAG_f1p5_b2p0_t90_m2p0_s1,1.5,2.0,90,2.0,1,perpendicular,FRAG_KILL,False,RADIAL_ONLY,,,0.5222,,0,550.6,False
TAG_f1p5_b2p0_t90_m2p0_s2,1.5,2.0,90,2.0,2,perpendicular,FRAG_KILL,False,RADIAL_ONLY,,,0.5003,,0,390.4,False
TAG_f1p5_b2p0_t90_m2p0_s3,1.5,2.0,90,2.0,3,perpendicular,FRAG_KILL,True,FULL,5.8912,1.1939,0.66,0.08,8,12033.4,False
TAG_f1p5_b2p0_t90_m2p0_s4,1.5,2.0,90,2.0,4,perpendicular,FRAG_KILL,False,RADIAL_ONLY,,,0.4961,,0,300.3,False
TAG_f1p5_b2p0_t90_m2p0_s5,1.5,2.0,90,2.0,5,perpendicular,FRAG_KILL,False,RADIAL_ONLY,,,0.5071,,0,300.3,False
TAG_f1p5_b2p0_t90_m2p5_s1,1.5,2.0,90,2.5,1,perpendicular,FRAG_KILL,False,RADIAL_ONLY,,,0.5131,,0,830.9,False
TAG_f1p5_b2p0_t90_m2p5_s2,1.5,2.0,90,2.5,2,perpendicular,FRAG_KILL,False,RADIAL_ONLY,,,0.5141,,0,470.5,False
TAG_f1p5_b2p0_t90_m2p5_s3,1.5,2.0,90,2.5,3,perpendicular,FRAG_KILL,False,RADIAL_ONLY,,,0.571,,0,1972.2,False
TAG_f1p5_b2p0_t90_m2p5_s4,1.5,2.0,90,2.5,4,perpendicular,FRAG_KILL,False,RADIAL_ONLY,,,0.4748,,0,140.2,False
TAG_f1p5_b2p0_t90_m2p5_s5,1.5,2.0,90,2.5,5,perpendicular,FRAG_KILL,False,RADIAL_ONLY,,,0.4901,,0,310.3,False
TAG_f1p5_b2p0_t90_m3p0_s1,1.5,2.0,90,3.0,1,perpendicular,FRAG_KILL,False,RADIAL_ONLY,,,0.518,,0,370.4,False
TAG_f1p5_b2p0_t90_m3p0_s2,1.5,2.0,90,3.0,2,perpendicular,FRAG_KILL,False,RADIAL_ONLY,,,0.51,,0,500.5,False
TAG_f1p5_b2p0_t90_m3p0_s3,1.5,2.0,90,3.0,3,perpendicular,FRAG_KILL,True,FULL,6.4583,0.6206,0.642,0.03,8,10711.9,False
TAG_f1p5_b2p0_t90_m3p0_s4,1.5,2.0,90,3.0,4,perpendicular,FRAG_KILL,False,RADIAL_ONLY,,,0.5003,,0,280.3,False
TAG_f1p5_b2p0_t90_m3p0_s5,1.5,2.0,90,3.0,5,perpendicular,FRAG_KILL,False,RADIAL_ONLY,,,0.5112,,0,590.6,False
TAG_f2p0_b0p3_t0_m1p0_s1,2.0,0.3,0,1.0,1,longitudinal,FRAG_KILL,True,FULL,6.0301,1.2251,1.1634,0.0794,10,280.3,False
TAG_f2p0_b0p3_t0_m1p0_s2,2.0,0.3,0,1.0,2,longitudinal,FRAG_KILL,True,FULL,5.4407,0.6737,1.1901,0.1184,11,340.4,False
TAG_f2p0_b0p3_t0_m1p0_s3,2.0,0.3,0,1.0,3,longitudinal,FRAG_KILL,True,FULL,5.2367,0.0781,1.1798,0.1001,8,260.3,False
TAG_f2p0_b0p3_t0_m1p0_s4,2.0,0.3,0,1.0,4,longitudinal,FRAG_KILL,True,FULL,5.0738,0.1977,1.1562,0.1085,10,250.3,False
TAG_f2p0_b0p3_t0_m1p0_s5,2.0,0.3,0,1.0,5,longitudinal,FRAG_KILL,True,FULL,8.8238,10.6347,1.1845,0.1087,10,320.3,False
TAG_f2p0_b0p3_t0_m1p5_s1,2.0,0.3,0,1.5,1,longitudinal,FRAG_KILL,True,FULL,7.4479,3.8488,1.1281,0.08,10,270.3,False
TAG_f2p0_b0p3_t0_m1p5_s2,2.0,0.3,0,1.5,2,longitudinal,FRAG_KILL,True,FULL,5.625,0.664,1.1455,0.0993,11,270.3,False
TAG_f2p0_b0p3_t0_m1p5_s3,2.0,0.3,0,1.5,3,longitudinal,FRAG_KILL,True,FULL,5.439,1.1052,1.1636,0.1296,9,320.4,False
TAG_f2p0_b0p3_t0_m1p5_s4,2.0,0.3,0,1.5,4,longitudinal,FRAG_KILL,True,FULL,5.599,1.6405,1.1248,0.1087,10,270.3,False
TAG_f2p0_b0p3_t0_m1p5_s5,2.0,0.3,0,1.5,5,longitudinal,FRAG_KILL,True,FULL,8.9725,11.0974,1.1496,0.0995,10,270.3,False
TAG_f2p0_b0p3_t0_m2p0_s1,2.0,0.3,0,2.0,1,longitudinal,FRAG_KILL,True,FULL,8.4028,8.2783,1.127,0.1094,10,590.7,False
TAG_f2p0_b0p3_t0_m2p0_s2,2.0,0.3,0,2.0,2,longitudinal,FRAG_KILL,True,FULL,5.8296,1.3897,1.1411,0.1294,11,420.5,False
TAG_f2p0_b0p3_t0_m2p0_s3,2.0,0.3,0,2.0,3,longitudinal,FRAG_KILL,True,FULL,5.2455,0.1505,1.149,0.1295,9,470.5,False
TAG_f2p0_b0p3_t0_m2p0_s4,2.0,0.3,0,2.0,4,longitudinal,FRAG_KILL,True,FULL,5.0608,0.2523,1.0989,0.1095,10,260.3,False
TAG_f2p0_b0p3_t0_m2p0_s5,2.0,0.3,0,2.0,5,longitudinal,FRAG_KILL,True,FULL,8.7587,10.6455,1.1209,0.1096,10,270.3,False
TAG_f2p0_b0p3_t0_m2p5_s1,2.0,0.3,0,2.5,1,longitudinal,FRAG_KILL,True,FULL,8.4028,8.2783,1.1081,0.1099,10,370.4,False
TAG_f2p0_b0p3_t0_m2p5_s2,2.0,0.3,0,2.5,2,longitudinal,FRAG_KILL,True,FULL,6.1316,1.4519,1.0943,0.0993,10,240.3,False
TAG_f2p0_b0p3_t0_m2p5_s3,2.0,0.3,0,2.5,3,longitudinal,FRAG_KILL,True,FULL,5.645,1.2582,1.1105,0.1193,8,280.3,False
TAG_f2p0_b0p3_t0_m2p5_s4,2.0,0.3,0,2.5,4,longitudinal,FRAG_KILL,True,FULL,5.5486,1.4761,1.104,0.139,10,530.6,False
TAG_f2p0_b0p3_t0_m2p5_s5,2.0,0.3,0,2.5,5,longitudinal,FRAG_KILL,True,FULL,8.776,10.6401,1.1043,0.1094,10,290.3,False
TAG_f2p0_b0p3_t0_m3p0_s1,2.0,0.3,0,3.0,1,longitudinal,FRAG_KILL,True,FULL,8.5369,8.6313,1.0816,0.0996,10,310.3,False
TAG_f2p0_b0p3_t0_m3p0_s2,2.0,0.3,0,3.0,2,longitudinal,FRAG_KILL,True,FULL,5.7509,0.754,1.092,0.1091,11,290.3,False
TAG_f2p0_b0p3_t0_m3p0_s3,2.0,0.3,0,3.0,3,longitudinal,FRAG_KILL,True,FULL,6.5946,3.9098,1.0975,0.1201,8,300.3,False
TAG_f2p0_b0p3_t0_m3p0_s4,2.0,0.3,0,3.0,4,longitudinal,FRAG_KILL,True,FULL,5.6629,1.7147,1.0596,0.1001,9,240.3,False
TAG_f2p0_b0p3_t0_m3p0_s5,2.0,0.3,0,3.0,5,longitudinal,FRAG_KILL,True,FULL,6.7448,4.2409,1.1181,0.1293,10,520.6,False
TAG_f2p0_b0p3_t90_m1p0_s1,2.0,0.3,90,1.0,1,perpendicular,FRAG_KILL,False,RADIAL_ONLY,,,0.3572,,0,150.2,False
TAG_f2p0_b0p3_t90_m1p0_s2,2.0,0.3,90,1.0,2,perpendicular,FRAG_KILL,False,RADIAL_ONLY,,,0.3561,,0,130.1,False
TAG_f2p0_b0p3_t90_m1p0_s3,2.0,0.3,90,1.0,3,perpendicular,FRAG_KILL,False,RADIAL_ONLY,,,0.3551,,0,140.2,False
TAG_f2p0_b0p3_t90_m1p0_s4,2.0,0.3,90,1.0,4,perpendicular,FRAG_KILL,False,RADIAL_ONLY,,,0.3591,,0,260.3,False
TAG_f2p0_b0p3_t90_m1p0_s5,2.0,0.3,90,1.0,5,perpendicular,FRAG_KILL,False,RADIAL_ONLY,,,0.356,,0,180.2,False
TAG_f2p0_b0p3_t90_m1p5_s1,2.0,0.3,90,1.5,1,perpendicular,FRAG_KILL,False,RADIAL_ONLY,,,0.37,,0,270.3,False
TAG_f2p0_b0p3_t90_m1p5_s2,2.0,0.3,90,1.5,2,perpendicular,FRAG_KILL,False,RADIAL_ONLY,,,0.356,,0,200.2,False
TAG_f2p0_b0p3_t90_m1p5_s3,2.0,0.3,90,1.5,3,perpendicular,FRAG_KILL,False,RADIAL_ONLY,,,0.3581,,0,230.3,False
TAG_f2p0_b0p3_t90_m1p5_s4,2.0,0.3,90,1.5,4,perpendicular,FRAG_KILL,False,RADIAL_ONLY,,,0.3551,,0,150.2,False
TAG_f2p0_b0p3_t90_m1p5_s5,2.0,0.3,90,1.5,5,perpendicular,FRAG_KILL,False,RADIAL_ONLY,,,0.3551,,0,140.1,False
TAG_f2p0_b0p3_t90_m2p0_s1,2.0,0.3,90,2.0,1,perpendicular,FRAG_KILL,False,RADIAL_ONLY,,,0.434,,0,1061.1,False
TAG_f2p0_b0p3_t90_m2p0_s2,2.0,0.3,90,2.0,2,perpendicular,FRAG_KILL,False,RADIAL_ONLY,,,0.3662,,0,180.2,False
TAG_f2p0_b0p3_t90_m2p0_s3,2.0,0.3,90,2.0,3,perpendicular,FRAG_KILL,False,RADIAL_ONLY,,,0.3551,,0,150.2,False
TAG_f2p0_b0p3_t90_m2p0_s4,2.0,0.3,90,2.0,4,perpendicular,FRAG_KILL,False,RADIAL_ONLY,,,0.427,,0,1061.1,False
TAG_f2p0_b0p3_t90_m2p0_s5,2.0,0.3,90,2.0,5,perpendicular,FRAG_KILL,False,RADIAL_ONLY,,,0.3541,,0,120.1,False
TAG_f2p0_b0p3_t90_m2p5_s1,2.0,0.3,90,2.5,1,perpendicular,FRAG_KILL,False,RADIAL_ONLY,,,0.357,,0,170.2,False
TAG_f2p0_b0p3_t90_m2p5_s2,2.0,0.3,90,2.5,2,perpendicular,FRAG_KILL,False,RADIAL_ONLY,,,0.3532,,0,120.1,False
TAG_f2p0_b0p3_t90_m2p5_s3,2.0,0.3,90,2.5,3,perpendicular,FRAG_KILL,False,RADIAL_ONLY,,,0.39,,0,240.3,False
TAG_f2p0_b0p3_t90_m2p5_s4,2.0,0.3,90,2.5,4,perpendicular,FRAG_KILL,False,RADIAL_ONLY,,,0.3572,,0,190.2,False
TAG_f2p0_b0p3_t90_m2p5_s5,2.0,0.3,90,2.5,5,perpendicular,FRAG_KILL,False,RADIAL_ONLY,,,0.368,,0,300.3,False
TAG_f2p0_b0p3_t90_m3p0_s1,2.0,0.3,90,3.0,1,perpendicular,FRAG_KILL,False,RADIAL_ONLY,,,0.359,,0,170.2,False
TAG_f2p0_b0p3_t90_m3p0_s2,2.0,0.3,90,3.0,2,perpendicular,FRAG_KILL,False,RADIAL_ONLY,,,0.3611,,0,160.2,False
TAG_f2p0_b0p3_t90_m3p0_s3,2.0,0.3,90,3.0,3,perpendicular,FRAG_KILL,False,RADIAL_ONLY,,,0.358,,0,190.2,False
TAG_f2p0_b0p3_t90_m3p0_s4,2.0,0.3,90,3.0,4,perpendicular,FRAG_KILL,False,RADIAL_ONLY,,,0.419,,0,951.0,False
TAG_f2p0_b0p3_t90_m3p0_s5,2.0,0.3,90,3.0,5,perpendicular,FRAG_KILL,False,RADIAL_ONLY,,,0.4121,,0,991.1,False
TAG_f2p0_b0p5_t0_m1p0_s1,2.0,0.5,0,1.0,1,longitudinal,FRAG_KILL,True,FULL,5.3027,0.6553,1.0571,0.1494,11,1081.2,False
TAG_f2p0_b0p5_t0_m1p0_s2,2.0,0.5,0,1.0,2,longitudinal,FRAG_KILL,True,FULL,5.9132,3.315,1.044,0.1386,11,710.8,False
TAG_f2p0_b0p5_t0_m1p0_s3,2.0,0.5,0,1.0,3,longitudinal,FRAG_KILL,True,FULL,4.9447,0.5945,1.0551,0.1489,10,830.9,False
TAG_f2p0_b0p5_t0_m1p0_s4,2.0,0.5,0,1.0,4,longitudinal,FRAG_KILL,True,FULL,4.9199,0.0633,1.012,0.1184,11,520.6,False
TAG_f2p0_b0p5_t0_m1p0_s5,2.0,0.5,0,1.0,5,longitudinal,FRAG_KILL,True,FULL,8.1868,9.4778,1.059,0.1489,11,1261.4,False
TAG_f2p0_b0p5_t0_m1p5_s1,2.0,0.5,0,1.5,1,longitudinal,FRAG_KILL,True,FULL,5.3646,0.997,1.0131,0.1296,11,1031.2,False
TAG_f2p0_b0p5_t0_m1p5_s2,2.0,0.5,0,1.5,2,longitudinal,FRAG_KILL,True,FULL,6.3988,5.0063,1.01,0.1296,11,530.6,False
TAG_f2p0_b0p5_t0_m1p5_s3,2.0,0.5,0,1.5,3,longitudinal,FRAG_KILL,True,FULL,5.125,1.1477,1.013,0.1382,10,700.8,False
TAG_f2p0_b0p5_t0_m1p5_s4,2.0,0.5,0,1.5,4,longitudinal,FRAG_KILL,True,FULL,4.905,0.065,1.0231,0.1594,11,1742.0,False
TAG_f2p0_b0p5_t0_m1p5_s5,2.0,0.5,0,1.5,5,longitudinal,FRAG_KILL,True,FULL,6.6787,5.1349,1.009,0.1199,11,480.5,False
TAG_f2p0_b0p5_t0_m2p0_s1,2.0,0.5,0,2.0,1,longitudinal,FRAG_KILL,True,FULL,5.4403,1.1127,0.967,0.0995,11,320.4,False
TAG_f2p0_b0p5_t0_m2p0_s2,2.0,0.5,0,2.0,2,longitudinal,FRAG_KILL,True,FULL,5.3368,1.684,1.003,0.1398,11,941.1,False
TAG_f2p0_b0p5_t0_m2p0_s3,2.0,0.5,0,2.0,3,longitudinal,FRAG_KILL,True,FULL,4.9757,0.6165,1.005,0.1399,10,740.8,False
TAG_f2p0_b0p5_t0_m2p0_s4,2.0,0.5,0,2.0,4,longitudinal,FRAG_KILL,True,FULL,4.9442,0.0846,0.976,0.1298,11,760.9,False
TAG_f2p0_b0p5_t0_m2p0_s5,2.0,0.5,0,2.0,5,longitudinal,FRAG_KILL,True,FULL,7.6172,9.3687,1.0101,0.1485,11,1081.2,False
TAG_f2p0_b0p5_t0_m2p5_s1,2.0,0.5,0,2.5,1,longitudinal,FRAG_KILL,True,FULL,5.5816,1.1488,0.961,0.1088,11,370.4,False
TAG_f2p0_b0p5_t0_m2p5_s2,2.0,0.5,0,2.5,2,longitudinal,FRAG_KILL,True,FULL,6.375,4.8576,0.998,0.1399,11,1481.7,False
TAG_f2p0_b0p5_t0_m2p5_s3,2.0,0.5,0,2.5,3,longitudinal,FRAG_KILL,True,FULL,5.1319,1.152,0.987,0.1399,10,670.8,False
TAG_f2p0_b0p5_t0_m2p5_s4,2.0,0.5,0,2.5,4,longitudinal,FRAG_KILL,True,FULL,4.9544,0.0918,0.9861,0.1495,11,951.1,False
TAG_f2p0_b0p5_t0_m2p5_s5,2.0,0.5,0,2.5,5,longitudinal,FRAG_KILL,True,FULL,8.8346,10.1738,0.9931,0.1483,11,800.9,False
TAG_f2p0_b0p5_t0_m3p0_s1,2.0,0.5,0,3.0,1,longitudinal,FRAG_KILL,True,FULL,5.6548,1.3487,0.979,0.1289,11,1191.4,False
TAG_f2p0_b0p5_t0_m3p0_s2,2.0,0.5,0,3.0,2,longitudinal,FRAG_KILL,True,FULL,5.8958,2.0597,0.9309,0.0895,11,240.3,False
TAG_f2p0_b0p5_t0_m3p0_s3,2.0,0.5,0,3.0,3,longitudinal,FRAG_KILL,True,FULL,5.2604,1.259,0.949,0.1095,10,340.4,False
TAG_f2p0_b0p5_t0_m3p0_s4,2.0,0.5,0,3.0,4,longitudinal,FRAG_KILL,True,FULL,4.9674,0.1023,0.979,0.1491,11,1081.2,False
TAG_f2p0_b0p5_t0_m3p0_s5,2.0,0.5,0,3.0,5,longitudinal,FRAG_KILL,True,FULL,9.2292,10.459,0.971,0.1396,11,720.8,False
TAG_f2p0_b0p5_t90_m1p0_s1,2.0,0.5,90,1.0,1,perpendicular,FRAG_KILL,False,RADIAL_ONLY,,,0.404,,0,380.4,False
TAG_f2p0_b0p5_t90_m1p0_s2,2.0,0.5,90,1.0,2,perpendicular,FRAG_KILL,False,RADIAL_ONLY,,,0.3921,,0,240.3,False
TAG_f2p0_b0p5_t90_m1p0_s3,2.0,0.5,90,1.0,3,perpendicular,FRAG_KILL,False,RADIAL_ONLY,,,0.41,,0,360.4,False
TAG_f2p0_b0p5_t90_m1p0_s4,2.0,0.5,90,1.0,4,perpendicular,FRAG_KILL,False,RADIAL_ONLY,,,0.3661,,0,220.2,False
TAG_f2p0_b0p5_t90_m1p0_s5,2.0,0.5,90,1.0,5,perpendicular,FRAG_KILL,False,RADIAL_ONLY,,,0.3651,,0,200.2,False
TAG_f2p0_b0p5_t90_m1p5_s1,2.0,0.5,90,1.5,1,perpendicular,FRAG_KILL,False,RADIAL_ONLY,,,0.3711,,0,250.3,False
TAG_f2p0_b0p5_t90_m1p5_s2,2.0,0.5,90,1.5,2,perpendicular,FRAG_KILL,False,RADIAL_ONLY,,,0.365,,0,200.2,False
TAG_f2p0_b0p5_t90_m1p5_s3,2.0,0.5,90,1.5,3,perpendicular,FRAG_KILL,False,RADIAL_ONLY,,,0.362,,0,150.2,False
TAG_f2p0_b0p5_t90_m1p5_s4,2.0,0.5,90,1.5,4,perpendicular,FRAG_KILL,False,RADIAL_ONLY,,,0.389,,0,240.2,False
TAG_f2p0_b0p5_t90_m1p5_s5,2.0,0.5,90,1.5,5,perpendicular,FRAG_KILL,False,RADIAL_ONLY,,,0.415,,0,540.6,False
TAG_f2p0_b0p5_t90_m2p0_s1,2.0,0.5,90,2.0,1,perpendicular,FRAG_KILL,False,RADIAL_ONLY,,,0.418,,0,660.7,False
TAG_f2p0_b0p5_t90_m2p0_s2,2.0,0.5,90,2.0,2,perpendicular,FRAG_KILL,False,RADIAL_ONLY,,,0.3981,,0,290.3,False
TAG_f2p0_b0p5_t90_m2p0_s3,2.0,0.5,90,2.0,3,perpendicular,FRAG_KILL,False,RADIAL_ONLY,,,0.3661,,0,150.2,False
TAG_f2p0_b0p5_t90_m2p0_s4,2.0,0.5,90,2.0,4,perpendicular,FRAG_KILL,False,RADIAL_ONLY,,,0.407,,0,430.5,False
TAG_f2p0_b0p5_t90_m2p0_s5,2.0,0.5,90,2.0,5,perpendicular,FRAG_KILL,False,RADIAL_ONLY,,,0.402,,0,400.4,False
TAG_f2p0_b0p5_t90_m2p5_s1,2.0,0.5,90,2.5,1,perpendicular,FRAG_KILL,False,RADIAL_ONLY,,,0.4121,,0,290.3,False
TAG_f2p0_b0p5_t90_m2p5_s2,2.0,0.5,90,2.5,2,perpendicular,FRAG_KILL,False,RADIAL_ONLY,,,0.401,,0,380.4,False
TAG_f2p0_b0p5_t90_m2p5_s3,2.0,0.5,90,2.5,3,perpendicular,FRAG_KILL,False,RADIAL_ONLY,,,0.416,,0,290.3,False
TAG_f2p0_b0p5_t90_m2p5_s4,2.0,0.5,90,2.5,4,perpendicular,FRAG_KILL,False,RADIAL_ONLY,,,0.416,,0,470.5,False
TAG_f2p0_b0p5_t90_m2p5_s5,2.0,0.5,90,2.5,5,perpendicular,FRAG_KILL,False,RADIAL_ONLY,,,0.368,,0,160.2,False
TAG_f2p0_b0p5_t90_m3p0_s1,2.0,0.5,90,3.0,1,perpendicular,FRAG_KILL,False,RADIAL_ONLY,,,0.409,,0,300.3,False
TAG_f2p0_b0p5_t90_m3p0_s2,2.0,0.5,90,3.0,2,perpendicular,FRAG_KILL,False,RADIAL_ONLY,,,0.406,,0,500.6,False
TAG_f2p0_b0p5_t90_m3p0_s3,2.0,0.5,90,3.0,3,perpendicular,FRAG_KILL,False,RADIAL_ONLY,,,0.4001,,0,270.3,False
TAG_f2p0_b0p5_t90_m3p0_s4,2.0,0.5,90,3.0,4,perpendicular,FRAG_KILL,False,RADIAL_ONLY,,,0.402,,0,400.4,False
TAG_f2p0_b0p5_t90_m3p0_s5,2.0,0.5,90,3.0,5,perpendicular,FRAG_KILL,False,RADIAL_ONLY,,,0.4101,,0,440.5,False
TAG_f2p0_b1p0_t0_m1p0_s1,2.0,1.0,0,1.0,1,longitudinal,FRAG_KILL,True,FULL,4.8264,0.0443,0.908,0.1095,11,730.8,False
TAG_f2p0_b1p0_t0_m1p0_s2,2.0,1.0,0,1.0,2,longitudinal,FRAG_KILL,True,FULL,6.2019,5.247,0.917,0.1195,11,1201.4,False
TAG_f2p0_b1p0_t0_m1p0_s3,2.0,1.0,0,1.0,3,longitudinal,FRAG_KILL,True,FULL,4.7619,0.0729,0.925,0.1299,11,1621.8,False
TAG_f2p0_b1p0_t0_m1p0_s4,2.0,1.0,0,1.0,4,longitudinal,FRAG_KILL,True,FULL,4.7768,0.0822,0.915,0.1294,12,1111.3,False
TAG_f2p0_b1p0_t0_m1p0_s5,2.0,1.0,0,1.0,5,longitudinal,FRAG_KILL,True,FULL,6.9531,5.8196,0.886,0.0899,11,340.4,False
TAG_f2p0_b1p0_t0_m1p5_s1,2.0,1.0,0,1.5,1,longitudinal,FRAG_KILL,True,FULL,5.1367,1.0144,0.925,0.1491,11,5406.1,False
TAG_f2p0_b1p0_t0_m1p5_s2,2.0,1.0,0,1.5,2,longitudinal,FRAG_KILL,True,FULL,6.3839,5.1135,0.909,0.13,11,1381.6,False
TAG_f2p0_b1p0_t0_m1p5_s3,2.0,1.0,0,1.5,3,longitudinal,FRAG_KILL,True,FULL,4.7917,0.0,0.893,0.1192,10,921.0,False
TAG_f2p0_b1p0_t0_m1p5_s4,2.0,1.0,0,1.5,4,longitudinal,FRAG_KILL,True,FULL,4.8307,0.0481,0.873,0.1099,11,450.5,False
TAG_f2p0_b1p0_t0_m1p5_s5,2.0,1.0,0,1.5,5,longitudinal,FRAG_KILL,True,FULL,6.1082,4.4744,0.941,0.1693,11,2002.3,False
TAG_f2p0_b1p0_t0_m2p0_s1,2.0,1.0,0,2.0,1,longitudinal,FRAG_KILL,True,FULL,5.0098,0.5104,0.919,0.1492,11,1812.1,False
TAG_f2p0_b1p0_t0_m2p0_s2,2.0,1.0,0,2.0,2,longitudinal,FRAG_KILL,True,FULL,6.2019,5.2473,0.881,0.1192,11,1091.2,False
TAG_f2p0_b1p0_t0_m2p0_s3,2.0,1.0,0,2.0,3,longitudinal,FRAG_KILL,True,FULL,4.809,0.0576,0.878,0.1094,10,720.8,False
TAG_f2p0_b1p0_t0_m2p0_s4,2.0,1.0,0,2.0,4,longitudinal,FRAG_KILL,True,FULL,4.839,0.0413,0.8551,0.0991,11,360.4,False
TAG_f2p0_b1p0_t0_m2p0_s5,2.0,1.0,0,2.0,5,longitudinal,FRAG_KILL,True,FULL,6.4918,5.0566,0.892,0.1292,11,941.0,False
TAG_f2p0_b1p0_t0_m2p5_s1,2.0,1.0,0,2.5,1,longitudinal,FRAG_KILL,True,FULL,5.0616,0.6093,0.859,0.0995,11,640.7,False
TAG_f2p0_b1p0_t0_m2p5_s2,2.0,1.0,0,2.5,2,longitudinal,FRAG_KILL,True,FULL,6.5388,5.6412,0.8511,0.0995,11,340.4,False
TAG_f2p0_b1p0_t0_m2p5_s3,2.0,1.0,0,2.5,3,longitudinal,FRAG_KILL,True,FULL,4.7917,0.0692,0.916,0.1595,11,5646.4,False
TAG_f2p0_b1p0_t0_m2p5_s4,2.0,1.0,0,2.5,4,longitudinal,FRAG_KILL,True,FULL,4.7588,0.1683,0.921,0.1795,12,2873.2,False
TAG_f2p0_b1p0_t0_m2p5_s5,2.0,1.0,0,2.5,5,longitudinal,FRAG_KILL,True,FULL,6.1654,4.727,0.901,0.1495,11,1752.0,False
TAG_f2p0_b1p0_t0_m3p0_s1,2.0,1.0,0,3.0,1,longitudinal,FRAG_KILL,True,FULL,4.8549,0.0628,0.875,0.1299,11,1111.3,False
TAG_f2p0_b1p0_t0_m3p0_s2,2.0,1.0,0,3.0,2,longitudinal,FRAG_KILL,True,FULL,6.0799,4.8903,0.8821,0.14,11,1461.7,False
TAG_f2p0_b1p0_t0_m3p0_s3,2.0,1.0,0,3.0,3,longitudinal,FRAG_KILL,True,FULL,4.8009,0.0572,0.9,0.1599,11,1581.8,False
TAG_f2p0_b1p0_t0_m3p0_s4,2.0,1.0,0,3.0,4,longitudinal,FRAG_KILL,True,FULL,4.8003,0.1455,0.909,0.1692,12,2082.4,False
TAG_f2p0_b1p0_t0_m3p0_s5,2.0,1.0,0,3.0,5,longitudinal,FRAG_KILL,True,FULL,6.0301,4.4737,0.913,0.1699,11,2603.0,False
TAG_f2p0_b1p0_t90_m1p0_s1,2.0,1.0,90,1.0,1,perpendicular,FRAG_KILL,False,RADIAL_ONLY,,,0.3808,,0,100.1,False
TAG_f2p0_b1p0_t90_m1p0_s2,2.0,1.0,90,1.0,2,perpendicular,FRAG_KILL,False,RADIAL_ONLY,,,0.3804,,0,100.1,False
TAG_f2p0_b1p0_t90_m1p0_s3,2.0,1.0,90,1.0,3,perpendicular,FRAG_KILL,False,RADIAL_ONLY,,,0.3801,,0,100.2,False
TAG_f2p0_b1p0_t90_m1p0_s4,2.0,1.0,90,1.0,4,perpendicular,FRAG_KILL,False,RADIAL_ONLY,,,0.3807,,0,100.1,False
TAG_f2p0_b1p0_t90_m1p0_s5,2.0,1.0,90,1.0,5,perpendicular,FRAG_KILL,False,RADIAL_ONLY,,,0.3818,,0,100.1,False
TAG_f2p0_b1p0_t90_m1p5_s1,2.0,1.0,90,1.5,1,perpendicular,FRAG_KILL,False,RADIAL_ONLY,,,0.3807,,0,100.1,False
TAG_f2p0_b1p0_t90_m1p5_s2,2.0,1.0,90,1.5,2,perpendicular,FRAG_KILL,False,RADIAL_ONLY,,,0.3815,,0,100.1,False
TAG_f2p0_b1p0_t90_m1p5_s3,2.0,1.0,90,1.5,3,perpendicular,FRAG_KILL,False,RADIAL_ONLY,,,0.3806,,0,100.1,False
TAG_f2p0_b1p0_t90_m1p5_s4,2.0,1.0,90,1.5,4,perpendicular,FRAG_KILL,False,RADIAL_ONLY,,,0.3804,,0,100.1,False
TAG_f2p0_b1p0_t90_m1p5_s5,2.0,1.0,90,1.5,5,perpendicular,FRAG_KILL,False,RADIAL_ONLY,,,0.381,,0,100.1,False
TAG_f2p0_b1p0_t90_m2p0_s1,2.0,1.0,90,2.0,1,perpendicular,FRAG_KILL,False,RADIAL_ONLY,,,0.3805,,0,100.1,False
TAG_f2p0_b1p0_t90_m2p0_s2,2.0,1.0,90,2.0,2,perpendicular,FRAG_KILL,False,RADIAL_ONLY,,,0.3813,,0,100.1,False
TAG_f2p0_b1p0_t90_m2p0_s3,2.0,1.0,90,2.0,3,perpendicular,FRAG_KILL,False,RADIAL_ONLY,,,0.3817,,0,100.1,False
TAG_f2p0_b1p0_t90_m2p0_s4,2.0,1.0,90,2.0,4,perpendicular,FRAG_KILL,False,RADIAL_ONLY,,,0.3802,,0,100.1,False
TAG_f2p0_b1p0_t90_m2p0_s5,2.0,1.0,90,2.0,5,perpendicular,FRAG_KILL,False,RADIAL_ONLY,,,0.3801,,0,100.1,False
TAG_f2p0_b1p0_t90_m2p5_s1,2.0,1.0,90,2.5,1,perpendicular,FRAG_KILL,False,RADIAL_ONLY,,,0.3801,,0,100.1,False
TAG_f2p0_b1p0_t90_m2p5_s2,2.0,1.0,90,2.5,2,perpendicular,FRAG_KILL,False,RADIAL_ONLY,,,0.3795,,0,100.1,False
TAG_f2p0_b1p0_t90_m2p5_s3,2.0,1.0,90,2.5,3,perpendicular,FRAG_KILL,False,RADIAL_ONLY,,,0.3804,,0,100.1,False
TAG_f2p0_b1p0_t90_m2p5_s4,2.0,1.0,90,2.5,4,perpendicular,FRAG_KILL,False,RADIAL_ONLY,,,0.3803,,0,100.1,False
TAG_f2p0_b1p0_t90_m2p5_s5,2.0,1.0,90,2.5,5,perpendicular,FRAG_KILL,False,RADIAL_ONLY,,,0.3803,,0,100.1,False
TAG_f2p0_b1p0_t90_m3p0_s1,2.0,1.0,90,3.0,1,perpendicular,FRAG_KILL,False,RADIAL_ONLY,,,0.3809,,0,100.1,False
TAG_f2p0_b1p0_t90_m3p0_s2,2.0,1.0,90,3.0,2,perpendicular,FRAG_KILL,False,RADIAL_ONLY,,,0.381,,0,100.1,False
TAG_f2p0_b1p0_t90_m3p0_s3,2.0,1.0,90,3.0,3,perpendicular,FRAG_KILL,False,RADIAL_ONLY,,,0.3805,,0,100.1,False
TAG_f2p0_b1p0_t90_m3p0_s4,2.0,1.0,90,3.0,4,perpendicular,FRAG_KILL,False,RADIAL_ONLY,,,0.3804,,0,100.1,False
TAG_f2p0_b1p0_t90_m3p0_s5,2.0,1.0,90,3.0,5,perpendicular,FRAG_KILL,False,RADIAL_ONLY,,,0.38,,0,100.1,False
TAG_f2p0_b2p0_t0_m1p0_s1,2.0,2.0,0,1.0,1,longitudinal,FRAG_KILL,True,FULL,4.7005,0.077,0.7511,0.0296,10,210.2,False
TAG_f2p0_b2p0_t0_m1p0_s2,2.0,2.0,0,1.0,2,longitudinal,FRAG_KILL,True,FULL,9.6875,8.4811,0.7526,0.0298,11,230.3,False
TAG_f2p0_b2p0_t0_m1p0_s3,2.0,2.0,0,1.0,3,longitudinal,FRAG_KILL,True,FULL,4.6875,0.0,0.7352,0.0099,4,190.2,False
TAG_f2p0_b2p0_t0_m1p0_s4,2.0,2.0,0,1.0,4,longitudinal,FRAG_KILL,True,FULL,4.7656,0.026,0.7368,0.0098,3,210.2,False
TAG_f2p0_b2p0_t0_m1p0_s5,2.0,2.0,0,1.0,5,longitudinal,FRAG_KILL,True,FULL,13.9271,17.3785,0.7652,0.0398,11,230.2,False
TAG_f2p0_b2p0_t0_m1p5_s1,2.0,2.0,0,1.5,1,longitudinal,FRAG_KILL,True,FULL,5.5208,1.0347,0.74,0.0199,10,210.2,False
TAG_f2p0_b2p0_t0_m1p5_s2,2.0,2.0,0,1.5,2,longitudinal,FRAG_KILL,True,FULL,4.6528,0.065,0.7316,0.0199,11,200.2,False
TAG_f2p0_b2p0_t0_m1p5_s3,2.0,2.0,0,1.5,3,longitudinal,FRAG_KILL,True,FULL,4.7222,0.0246,0.7332,0.0197,9,200.2,False
TAG_f2p0_b2p0_t0_m1p5_s4,2.0,2.0,0,1.5,4,longitudinal,FRAG_KILL,True,FULL,4.7656,0.026,0.7178,0.0099,3,190.2,False
TAG_f2p0_b2p0_t0_m1p5_s5,2.0,2.0,0,1.5,5,longitudinal,FRAG_KILL,True,FULL,5.2865,0.8873,0.748,0.0298,11,210.2,False
TAG_f2p0_b2p0_t0_m2p0_s1,2.0,2.0,0,2.0,1,longitudinal,FRAG_KILL,True,FULL,4.7396,0.1165,0.728,0.0296,10,200.2,False
TAG_f2p0_b2p0_t0_m2p0_s2,2.0,2.0,0,2.0,2,longitudinal,FRAG_KILL,True,FULL,4.7049,0.1367,0.7275,0.0199,11,220.2,False
TAG_f2p0_b2p0_t0_m2p0_s3,2.0,2.0,0,2.0,3,longitudinal,FRAG_KILL,True,FULL,4.7135,0.026,0.7227,0.0295,9,200.2,False
TAG_f2p0_b2p0_t0_m2p0_s4,2.0,2.0,0,2.0,4,longitudinal,FRAG_KILL,True,FULL,4.7656,0.026,0.7046,0.0099,3,180.2,False
TAG_f2p0_b2p0_t0_m2p0_s5,2.0,2.0,0,2.0,5,longitudinal,FRAG_KILL,True,FULL,5.2865,0.857,0.7386,0.0296,11,210.2,False
TAG_f2p0_b2p0_t0_m2p5_s1,2.0,2.0,0,2.5,1,longitudinal,FRAG_KILL,True,FULL,5.5729,0.9946,0.7176,0.0198,9,190.2,False
TAG_f2p0_b2p0_t0_m2p5_s2,2.0,2.0,0,2.5,2,longitudinal,FRAG_KILL,True,FULL,6.0764,2.0748,0.7178,0.0199,11,210.2,False
TAG_f2p0_b2p0_t0_m2p5_s3,2.0,2.0,0,2.5,3,longitudinal,FRAG_KILL,True,FULL,5.8854,2.0148,0.7124,0.0297,9,190.2,False
TAG_f2p0_b2p0_t0_m2p5_s4,2.0,2.0,0,2.5,4,longitudinal,FRAG_KILL,True,FULL,4.7743,0.0246,0.7099,0.0198,6,190.2,False
TAG_f2p0_b2p0_t0_m2p5_s5,2.0,2.0,0,2.5,5,longitudinal,FRAG_KILL,True,FULL,5.1771,0.7971,0.733,0.0399,11,240.3,False
TAG_f2p0_b2p0_t0_m3p0_s1,2.0,2.0,0,3.0,1,longitudinal,FRAG_KILL,True,FULL,5.5903,0.9821,0.7089,0.02,8,180.2,False
TAG_f2p0_b2p0_t0_m3p0_s2,2.0,2.0,0,3.0,2,longitudinal,FRAG_KILL,True,FULL,11.3889,9.1826,0.7097,0.02,10,200.2,False
TAG_f2p0_b2p0_t0_m3p0_s3,2.0,2.0,0,3.0,3,longitudinal,FRAG_KILL,True,FULL,4.7049,0.0246,0.7045,0.0199,8,180.2,False
TAG_f2p0_b2p0_t0_m3p0_s4,2.0,2.0,0,3.0,4,longitudinal,FRAG_KILL,True,FULL,4.8047,0.0568,0.7012,0.0299,8,190.2,False
TAG_f2p0_b2p0_t0_m3p0_s5,2.0,2.0,0,3.0,5,longitudinal,FRAG_KILL,True,FULL,9.0729,7.6621,0.7213,0.0396,11,210.2,False
TAG_f2p0_b2p0_t90_m1p0_s1,2.0,2.0,90,1.0,1,perpendicular,FRAG_KILL,False,RADIAL_ONLY,,,0.4441,,0,670.7,False
TAG_f2p0_b2p0_t90_m1p0_s2,2.0,2.0,90,1.0,2,perpendicular,FRAG_KILL,False,RADIAL_ONLY,,,0.509,,0,1892.1,False
TAG_f2p0_b2p0_t90_m1p0_s3,2.0,2.0,90,1.0,3,perpendicular,FRAG_KILL,False,RADIAL_ONLY,,,0.4741,,0,911.0,False
TAG_f2p0_b2p0_t90_m1p0_s4,2.0,2.0,90,1.0,4,perpendicular,FRAG_KILL,False,RADIAL_ONLY,,,0.4541,,0,690.7,False
TAG_f2p0_b2p0_t90_m1p0_s5,2.0,2.0,90,1.0,5,perpendicular,FRAG_KILL,False,RADIAL_ONLY,,,0.4593,,0,770.8,False
TAG_f2p0_b2p0_t90_m1p5_s1,2.0,2.0,90,1.5,1,perpendicular,FRAG_KILL,False,RADIAL_ONLY,,,0.47,,0,961.0,False
TAG_f2p0_b2p0_t90_m1p5_s2,2.0,2.0,90,1.5,2,perpendicular,FRAG_KILL,False,RADIAL_ONLY,,,0.462,,0,1051.1,False
TAG_f2p0_b2p0_t90_m1p5_s3,2.0,2.0,90,1.5,3,perpendicular,FRAG_KILL,False,RADIAL_ONLY,,,0.4901,,0,1331.4,False
TAG_f2p0_b2p0_t90_m1p5_s4,2.0,2.0,90,1.5,4,perpendicular,FRAG_KILL,False,RADIAL_ONLY,,,0.464,,0,780.9,False
TAG_f2p0_b2p0_t90_m1p5_s5,2.0,2.0,90,1.5,5,perpendicular,FRAG_KILL,False,RADIAL_ONLY,,,0.4551,,0,550.6,False
TAG_f2p0_b2p0_t90_m2p0_s1,2.0,2.0,90,2.0,1,perpendicular,FRAG_KILL,False,RADIAL_ONLY,,,0.449,,0,510.6,False
TAG_f2p0_b2p0_t90_m2p0_s2,2.0,2.0,90,2.0,2,perpendicular,FRAG_KILL,False,RADIAL_ONLY,,,0.467,,0,1091.2,False
TAG_f2p0_b2p0_t90_m2p0_s3,2.0,2.0,90,2.0,3,perpendicular,FRAG_KILL,False,RADIAL_ONLY,,,0.4513,,0,510.5,False
TAG_f2p0_b2p0_t90_m2p0_s4,2.0,2.0,90,2.0,4,perpendicular,FRAG_KILL,False,RADIAL_ONLY,,,0.4633,,0,640.7,False
TAG_f2p0_b2p0_t90_m2p0_s5,2.0,2.0,90,2.0,5,perpendicular,FRAG_KILL,False,RADIAL_ONLY,,,0.486,,0,1421.6,False
TAG_f2p0_b2p0_t90_m2p5_s1,2.0,2.0,90,2.5,1,perpendicular,PROC_EXIT_-9,False,SUPPRESSED,,,,,0,4194.7,False
TAG_f2p0_b2p0_t90_m2p5_s2,2.0,2.0,90,2.5,2,perpendicular,FRAG_KILL,False,RADIAL_ONLY,,,0.46,,0,630.7,False
TAG_f2p0_b2p0_t90_m2p5_s3,2.0,2.0,90,2.5,3,perpendicular,FRAG_KILL,False,RADIAL_ONLY,,,0.472,,0,1411.5,False
TAG_f2p0_b2p0_t90_m2p5_s4,2.0,2.0,90,2.5,4,perpendicular,FRAG_KILL,False,RADIAL_ONLY,,,0.4591,,0,550.6,False
TAG_f2p0_b2p0_t90_m2p5_s5,2.0,2.0,90,2.5,5,perpendicular,FRAG_KILL,False,RADIAL_ONLY,,,0.463,,0,1181.3,False
TAG_f2p0_b2p0_t90_m3p0_s1,2.0,2.0,90,3.0,1,perpendicular,FRAG_KILL,False,RADIAL_ONLY,,,0.4231,,0,270.3,False
TAG_f2p0_b2p0_t90_m3p0_s2,2.0,2.0,90,3.0,2,perpendicular,FRAG_KILL,False,RADIAL_ONLY,,,0.4721,,0,1031.1,False
TAG_f2p0_b2p0_t90_m3p0_s3,2.0,2.0,90,3.0,3,perpendicular,FRAG_KILL,False,RADIAL_ONLY,,,0.4501,,0,640.7,False
TAG_f2p0_b2p0_t90_m3p0_s4,2.0,2.0,90,3.0,4,perpendicular,PROC_EXIT_-9,False,SUPPRESSED,,,,,0,2863.1,False
TAG_f2p0_b2p0_t90_m3p0_s5,2.0,2.0,90,3.0,5,perpendicular,PROC_EXIT_-9,False,SUPPRESSED,,,,,0,2592.9,False
